"IndividualId","Time [min]","Organism|PeripheralVenousBlood|Itraconazole|Plasma (Peripheral Venous Blood) [µmol/l]","Organism|PeripheralVenousBlood|Hydroxy-Itraconazole|Plasma (Peripheral Venous Blood) [µmol/l]","Organism|PeripheralVenousBlood|Keto-Itraconazole|Plasma (Peripheral Venous Blood) [µmol/l]","Organism|PeripheralVenousBlood|N-desalkyl-Itraconazole|Plasma (Peripheral Venous Blood) [µmol/l]","Organism|VenousBlood|Plasma|Itraconazole|Concentration in container [µmol/l]","Organism|VenousBlood|Plasma|Hydroxy-Itraconazole|Concentration in container [µmol/l]","Organism|VenousBlood|Plasma|Keto-Itraconazole|Concentration in container [µmol/l]","Organism|VenousBlood|Plasma|N-desalkyl-Itraconazole|Concentration in container [µmol/l]","Organism|Lumen|Itraconazole|Fraction of oral drug mass absorbed into mucosa","Organism|Lumen|Hydroxy-Itraconazole|Fraction of oral drug mass absorbed into mucosa","Organism|Lumen|Keto-Itraconazole|Fraction of oral drug mass absorbed into mucosa","Organism|Lumen|N-desalkyl-Itraconazole|Fraction of oral drug mass absorbed into mucosa"
0,0,0,0,0,0,0,0,0,0,0,0,0,0
0,3,4.267574E-07,3.418703E-09,1.046878E-10,7.449514E-12,3.697609E-06,4.764042E-08,1.635187E-09,2.270387E-10,9.222865E-05,0,0,0
0,6,1.045131E-05,3.632376E-07,1.477575E-08,1.892377E-09,3.861534E-05,1.937327E-06,8.428009E-08,1.970185E-08,0.0004564895,0,0,0
0,9,5.42249E-05,3.648199E-06,1.60328E-07,3.017072E-08,0.0001380153,1.255884E-05,5.825841E-07,1.852354E-07,0.001131178,0,0,0
0,12,0.0001605211,1.586265E-05,7.17641E-07,1.756661E-07,0.000330468,4.220815E-05,2.00572E-06,7.828573E-07,0.002131439,0,0,0
0,15,0.0003561879,4.543712E-05,2.07948E-06,6.158477E-07,0.0006394226,0.0001019592,4.890051E-06,2.211053E-06,0.003463612,0,0,0
0,18,0.0006635658,0.0001018142,4.67678E-06,1.599255E-06,0.00108085,0.0002024159,9.730938E-06,4.914405E-06,0.005090725,0,0,0
0,21,0.001098006,0.0001943275,8.923186E-06,3.413407E-06,0.001664777,0.0003526992,1.693311E-05,9.325358E-06,0.007040686,0,0,0
0,24,0.001671927,0.0003314622,1.51791E-05,6.349534E-06,0.002402845,0.0005607801,2.682687E-05,1.582562E-05,0.009320559,0,0,0
0,27,0.002396118,0.0005210888,2.376538E-05,1.068035E-05,0.003303542,0.0008343631,3.972058E-05,2.475227E-05,0.01192577,0,0,0
0,30,0.003278945,0.0007706516,3.497479E-05,1.665376E-05,0.004372836,0.001180668,5.589043E-05,3.640161E-05,0.01485031,0,0,0
0,33,0.004326388,0.001087127,4.907011E-05,2.449048E-05,0.005614613,0.001606315,7.557417E-05,5.102654E-05,0.0180872,0,0,0
0,36,0.005542188,0.001476912,6.62796E-05,3.438016E-05,0.007029535,0.002117261,9.896925E-05,6.883311E-05,0.02157323,0,0,0
0,39,0.006922252,0.001945738,8.679358E-05,4.648211E-05,0.008596078,0.002717948,0.0001261973,8.997615E-05,0.02512551,0,0,0
0,42,0.008447916,0.002497229,0.0001107018,6.091209E-05,0.01028944,0.003408136,0.0001571518,0.0001145006,0.02877109,0,0,0
0,45,0.0100998,0.003131868,0.0001379455,7.771466E-05,0.01209615,0.004184906,0.000191595,0.000142312,0.03254647,0,0,0
0,48,0.01186479,0.0038484,0.0001683899,9.685657E-05,0.01400994,0.005045923,0.0002293316,0.0001732424,0.03647927,0,0,0
0,51,0.01373594,0.004645594,0.0002019108,0.0001182554,0.01602923,0.005990358,0.0002702535,0.0002071223,0.04059002,0,0,0
0,54,0.01571074,0.005522985,0.000238427,0.0001418147,0.0181552,0.007018674,0.0003143211,0.0002438135,0.04489344,0,0,0
0,57,0.0177895,0.006480968,0.0002778999,0.0001674457,0.02039051,0.008132299,0.0003615411,0.0002832145,0.04939948,0,0,0
0,60,0.01997414,0.007520728,0.0003203264,0.0001950776,0.02273837,0.009333333,0.0004119489,0.0003252585,0.0541142,0,0,0
0,63,0.02226726,0.008644046,0.0003657281,0.0002246605,0.02520193,0.01062427,0.000465594,0.0003699053,0.05904052,0,0,0
0,66,0.02467149,0.009853094,0.0004141399,0.0002561623,0.02778395,0.01200778,0.0005225282,0.0004171311,0.06417887,0,0,0
0,69,0.02718909,0.01115027,0.000465602,0.0002895651,0.0304866,0.0134866,0.0005828004,0.0004669208,0.06952763,0,0,0
0,72,0.02982173,0.01253804,0.0005201557,0.0003248567,0.03330939,0.01506336,0.0006464547,0.0005192623,0.07502842,0,0,0
0,75,0.03256497,0.01401874,0.0005778339,0.0003620285,0.03623542,0.01673967,0.0007134916,0.0005741376,0.08056943,0,0,0
0,78,0.03540521,0.01559331,0.0006386142,0.0004010658,0.03924883,0.01851395,0.0007837756,0.0006314866,0.08617634,0,0,0
0,81,0.03832952,0.01726073,0.0007023927,0.0004419294,0.04234092,0.02038295,0.0008571012,0.0006911901,0.09187374,0,0,0
0,84,0.04132947,0.01901882,0.0007690242,0.0004845488,0.0455078,0.02234366,0.0009332855,0.0007530966,0.09768013,0,0,0
0,87,0.04440081,0.0208653,0.0008383684,0.0005288325,0.04874873,0.02439399,0.001012196,0.0008170538,0.1036091,0,0,0
0,90,0.04754223,0.02279845,0.0009103143,0.0005746842,0.05206476,0.02653271,0.001093748,0.0008829286,0.1096701,0,0,0
0,93,0.05075425,0.02481707,0.0009847805,0.0006220141,0.05545784,0.02875925,0.001177885,0.0009506108,0.1158694,0,0,0
0,96,0.0540383,0.02692049,0.001061708,0.0006707445,0.05893021,0.03107346,0.001264573,0.001020012,0.1222104,0,0,0
0,99,0.05739631,0.02910844,0.001141058,0.0007208104,0.06248404,0.03347547,0.001353791,0.00109106,0.1286942,0,0,0
0,102,0.0608301,0.0313809,0.001222802,0.000772159,0.06612108,0.03596554,0.001445521,0.001163699,0.1353198,0,0,0
0,105,0.06434114,0.03373798,0.001306917,0.0008247471,0.0698425,0.03854386,0.001539746,0.001237879,0.142085,0,0,0
0,108,0.06793044,0.03617983,0.001393382,0.0008785383,0.07364888,0.04121055,0.001636446,0.001313556,0.1489862,0,0,0
0,111,0.07159847,0.03870649,0.001482177,0.0009335004,0.07754019,0.04396555,0.001735594,0.001390689,0.1560191,0,0,0
0,114,0.07534508,0.04131791,0.001573276,0.0009896035,0.0815157,0.04680855,0.001837158,0.001469234,0.1631785,0,0,0
0,117,0.07916953,0.04401381,0.001666648,0.001046818,0.0855741,0.04973897,0.001941095,0.001549147,0.1704586,0,0,0
0,120,0.08307023,0.04679369,0.001762257,0.001105112,0.08971146,0.05275593,0.002047356,0.00163038,0.1778106,0,0,0
0,135,0.1034158,0.06188514,0.002270991,0.001411363,0.1111694,0.06902675,0.002609044,0.002053816,0.2149883,0,0,0
0,150,0.1245653,0.07862023,0.00281874,0.001736262,0.1334269,0.08687209,0.003207109,0.002496554,0.253384,0,0,0
0,165,0.1462264,0.09656061,0.003391879,0.002071514,0.1562367,0.105856,0.003828158,0.002947657,0.2930652,0,0,0
0,180,0.1681806,0.1153559,0.003980764,0.002411431,0.1793361,0.1256244,0.004462441,0.003400065,0.3336664,0,0,0
0,195,0.1900694,0.1346696,0.004576505,0.002751834,0.2023018,0.1458222,0.005100353,0.003848351,0.3746077,0,0,0
0,210,0.2114381,0.1541472,0.005169778,0.00308898,0.2246403,0.1660753,0.00573176,0.004287548,0.4154553,0,0,0
0,225,0.2318295,0.1734423,0.005751565,0.003419451,0.2458426,0.186025,0.006347071,0.004713259,0.4556337,0,0,0
0,240,0.2507749,0.1922182,0.006313093,0.003740253,0.2654144,0.2053242,0.006936981,0.005121668,0.4947548,0,0,0
0,255,0.2678557,0.21017,0.00684646,0.004048798,0.2828567,0.2236644,0.007493291,0.005509601,0.531729,0,0,0
0,270,0.2819341,0.2269287,0.007341433,0.004342701,0.2968556,0.2406078,0.008003149,0.00587377,0.5652025,0,0,0
0,285,0.2927728,0.2420403,0.007785385,0.004618313,0.307458,0.2557258,0.0084546,0.006209058,0.5966455,0,0,0
0,300,0.300469,0.2553124,0.008173883,0.004872913,0.3146031,0.2688632,0.00884433,0.006512739,0.6245474,0,0,0
0,315,0.3046626,0.2665336,0.008501132,0.005104888,0.3180571,0.2797848,0.009165601,0.006782779,0.6499287,0,0,0
0,330,0.3059656,0.2756115,0.008765256,0.005312484,0.3185414,0.2884611,0.009418707,0.007017356,0.6733822,0,0,0
0,345,0.304885,0.2826233,0.008969247,0.00549522,0.3165388,0.2950031,0.009607838,0.007216685,0.6946267,0,0,0
0,360,0.301347,0.2876498,0.009115582,0.005653564,0.3118774,0.2994688,0.009734723,0.007381743,0.7130013,0,0,0
0,375,0.2956748,0.2906947,0.009204427,0.005787249,0.3050956,0.3018785,0.00980023,0.007512168,0.7298543,0,0,0
0,390,0.288491,0.2918975,0.009240395,0.005896164,0.296815,0.3024141,0.009810545,0.007608516,0.7452943,0,0,0
0,405,0.2802158,0.2914572,0.009229546,0.005981249,0.2874604,0.3012909,0.009772423,0.007672678,0.7594275,0,0,0
0,420,0.2711652,0.289575,0.009177795,0.006043955,0.2773579,0.2987198,0.009692272,0.007707027,0.7723561,0,0,0
0,435,0.2615946,0.2864421,0.009090701,0.006085848,0.2667713,0.2948994,0.009576053,0.007714023,0.7841722,0,0,0
0,450,0.251711,0.2822376,0.008973408,0.006108546,0.2559139,0.2900144,0.009429242,0.007696133,0.7949534,0,0,0
0,465,0.2416763,0.2771258,0.008830598,0.006113664,0.2449524,0.2842332,0.009256777,0.007655778,0.8047874,0,0,0
0,480,0.2316302,0.2712533,0.008666413,0.006102745,0.234033,0.277707,0.00906307,0.007595242,0.8137671,0,0,0
0,495,0.2216928,0.2647617,0.008484835,0.006077377,0.2232785,0.2705819,0.008852347,0.007516866,0.8219677,0,0,0
0,510,0.2119592,0.2577816,0.008289508,0.006039147,0.2127855,0.2629922,0.008628462,0.007422956,0.8294581,0,0,0
0,525,0.2025045,0.2504342,0.008083774,0.005989639,0.202629,0.255062,0.008394937,0.007315789,0.8363019,0,0,0
0,540,0.1933842,0.2428292,0.007870642,0.005930413,0.1928641,0.2469033,0.008154926,0.007197566,0.842557,0,0,0
0,555,0.1846388,0.2350664,0.007652825,0.005862987,0.1835296,0.2386178,0.007911269,0.007070411,0.8482767,0,0,0
0,570,0.1762958,0.227235,0.007432744,0.005788818,0.1746511,0.2302958,0.007666477,0.006936335,0.8535093,0,0,0
0,585,0.1683713,0.2194142,0.007212529,0.005709298,0.1662419,0.222017,0.007422749,0.006797231,0.8582993,0,0,0
0,600,0.1608725,0.2116736,0.006994056,0.005625731,0.1583064,0.2138514,0.007182017,0.006654853,0.8626869,0,0,0
0,615,0.1537999,0.2040723,0.006778942,0.005539329,0.1508421,0.2058571,0.006945934,0.006510815,0.8667093,0,0,0
0,630,0.1471474,0.1966601,0.006568375,0.005451174,0.1438396,0.1980839,0.006715579,0.006366501,0.8703998,0,0,0
0,645,0.1409042,0.1894767,0.006363781,0.005362257,0.137285,0.1905695,0.006492641,0.006223218,0.8737885,0,0,0
0,660,0.1350556,0.1825527,0.006165789,0.005273439,0.1311602,0.1833434,0.006277458,0.006082006,0.8768982,0,0,0
0,675,0.1295826,0.1759104,0.005975056,0.005185428,0.1254428,0.1764259,0.006070739,0.005943737,0.8797531,0,0,0
0,690,0.1244652,0.1695643,0.00579203,0.005098831,0.1201103,0.1698297,0.005872876,0.005809129,0.8823758,0,0,0
0,705,0.1196834,0.1635224,0.005616975,0.00501414,0.1151398,0.163561,0.005684082,0.005678732,0.8847871,0,0,0
0,720,0.1152167,0.1577873,0.005450018,0.004931743,0.1105084,0.1576204,0.005504424,0.005552963,0.887006,0,0,0
0,735,0.1110448,0.1523571,0.005291161,0.004851936,0.1061935,0.1520043,0.005333842,0.005432109,0.8890496,0,0,0
0,750,0.1071479,0.1472257,0.0051403,0.004774927,0.1021731,0.1467051,0.005172173,0.005316346,0.8909336,0,0,0
0,765,0.1035066,0.1423843,0.004997239,0.004700849,0.09842584,0.1417121,0.005019152,0.00520575,0.8926723,0,0,0
0,780,0.1001025,0.1378218,0.004861737,0.004629774,0.0949316,0.1370126,0.004874496,0.005100318,0.8942786,0,0,0
0,795,0.09691814,0.1335254,0.004733472,0.004561727,0.09167125,0.1325929,0.004737788,0.00499999,0.8957645,0,0,0
0,810,0.09393707,0.1294818,0.004612213,0.004496678,0.08862688,0.1284378,0.004608843,0.004904633,0.8971407,0,0,0
0,825,0.09114385,0.1256765,0.004497461,0.004434581,0.08578178,0.1245321,0.004486889,0.004814122,0.8984173,0,0,0
0,840,0.08852413,0.1220954,0.004388813,0.004375355,0.08312043,0.1208605,0.004371706,0.004728253,0.8996032,0,0,0
0,855,0.08606458,0.118724,0.00428615,0.004318881,0.08062842,0.1174077,0.004263109,0.004646801,0.9007069,0,0,0
0,870,0.08375289,0.1155487,0.004189051,0.004265045,0.07829253,0.114159,0.004160488,0.004569564,0.9017357,0,0,0
0,885,0.0815777,0.1125558,0.004096863,0.004213742,0.07610059,0.1111002,0.004063125,0.004496347,0.9026968,0,0,0
0,900,0.07952859,0.1097327,0.004009528,0.004164824,0.07404138,0.1082181,0.003971216,0.004426871,0.903596,0,0,0
0,915,0.0775956,0.1070674,0.003926706,0.004118152,0.07210416,0.1054998,0.003884138,0.004360931,0.9044371,0,0,0
0,930,0.07576933,0.1045483,0.003848058,0.004073591,0.07027894,0.1029332,0.003801585,0.004298293,0.9052249,0,0,0
0,945,0.07404143,0.1021643,0.003773287,0.004031003,0.06855688,0.1005068,0.00372323,0.004238736,0.9059641,0,0,0
0,960,0.07240436,0.09990563,0.00370212,0.003990253,0.06693,0.09821031,0.00364878,0.004182046,0.9066591,0,0,0
0,975,0.0708513,0.09776288,0.003634306,0.003951212,0.065391,0.09603401,0.003577957,0.004128022,0.9073137,0,0,0
0,990,0.069376,0.09572759,0.003569611,0.003913762,0.06393331,0.09396907,0.00351051,0.004076476,0.9079315,0,0,0
0,1005,0.06797279,0.09379195,0.003507823,0.003877786,0.06255089,0.09200738,0.003446205,0.004027232,0.9085158,0,0,0
0,1020,0.06663645,0.09194881,0.003448745,0.003843179,0.06123819,0.09014148,0.003384829,0.003980123,0.9090695,0,0,0
0,1035,0.06536223,0.0901916,0.003392196,0.003809839,0.05999019,0.08836458,0.003326184,0.003934999,0.9095954,0,0,0
0,1050,0.06414577,0.08851431,0.00333801,0.003777675,0.05880227,0.08667039,0.00327009,0.003891714,0.910096,0,0,0
0,1065,0.06298307,0.08691141,0.003286032,0.003746598,0.0576702,0.08505319,0.003216378,0.003850138,0.9105734,0,0,0
0,1080,0.06187044,0.08537783,0.003236123,0.003716527,0.0565901,0.0835077,0.003164894,0.003810148,0.9110299,0,0,0
0,1095,0.06080453,0.08390892,0.00318815,0.00368739,0.05555837,0.08202906,0.003115498,0.003771629,0.9114672,0,0,0
0,1110,0.05978221,0.08250036,0.003141992,0.003659115,0.05457176,0.08061282,0.003068053,0.003734478,0.9118871,0,0,0
0,1125,0.05880064,0.08114821,0.003097539,0.00363164,0.05362723,0.07925486,0.003022444,0.003698597,0.9122912,0,0,0
0,1140,0.05785717,0.07984886,0.003054684,0.003604905,0.05272202,0.0779514,0.002978551,0.003663897,0.9126809,0,0,0
0,1155,0.05694939,0.07859892,0.003013335,0.003578856,0.05185356,0.07669897,0.002936274,0.003630295,0.9130574,0,0,0
0,1170,0.05607506,0.07739534,0.002973401,0.003553444,0.05101949,0.07549436,0.002895517,0.003597716,0.913422,0,0,0
0,1185,0.05523213,0.07623525,0.002934797,0.003528622,0.05021765,0.07433461,0.002856182,0.00356609,0.9137759,0,0,0
0,1200,0.05441868,0.07511603,0.002897457,0.003504349,0.04944603,0.07321696,0.002818209,0.003535351,0.9141198,0,0,0
0,1215,0.05363295,0.07403525,0.002861284,0.003480588,0.04870277,0.0721389,0.002781464,0.003505445,0.9144549,0,0,0
0,1230,0.05287333,0.07299065,0.002826266,0.003457299,0.04798616,0.07109809,0.002745998,0.003476307,0.9147817,0,0,0
0,1245,0.0521383,0.07198015,0.002792298,0.003434454,0.04729461,0.07009236,0.002711602,0.003447899,0.9151013,0,0,0
0,1260,0.05142648,0.07100183,0.002759349,0.003412021,0.04662667,0.06911969,0.002678326,0.003420167,0.9154141,0,0,0
0,1275,0.05073658,0.07005388,0.002727329,0.003389976,0.04598098,0.06817825,0.002646028,0.003393074,0.9157208,0,0,0
0,1290,0.0500674,0.06913467,0.002696147,0.003368298,0.04535628,0.06726629,0.002614579,0.003366589,0.916022,0,0,0
0,1305,0.04941785,0.06824265,0.002665778,0.003346961,0.04475142,0.06638222,0.002584048,0.003340666,0.9163182,0,0,0
0,1320,0.04878687,0.06737638,0.002636241,0.003325942,0.0441653,0.06552456,0.002554405,0.00331527,0.9166098,0,0,0
0,1335,0.04817352,0.06653455,0.002607584,0.003305217,0.04359691,0.0646919,0.002525732,0.003290362,0.9168973,0,0,0
0,1350,0.04757691,0.0657159,0.002579644,0.003284775,0.04304533,0.06388298,0.002497721,0.003265936,0.9171811,0,0,0
0,1365,0.04699621,0.06491929,0.002552341,0.003264605,0.04250969,0.06309658,0.00247042,0.00324196,0.9174615,0,0,0
0,1380,0.04643066,0.06414363,0.002525681,0.003244692,0.04198919,0.0623316,0.002443823,0.003218408,0.9177388,0,0,0
0,1395,0.04587954,0.06338794,0.002499666,0.003225018,0.04148307,0.06158699,0.002417905,0.003195258,0.9180133,0,0,0
0,1410,0.04534218,0.06265126,0.002474271,0.003205573,0.04099063,0.06086178,0.002392625,0.003172491,0.9182853,0,0,0
0,1425,0.04481795,0.06193274,0.002449451,0.003186346,0.04051121,0.06015506,0.002367956,0.003150088,0.918555,0,0,0
0,1440,0.04430626,0.06123154,0.002425179,0.003167329,0.04004421,0.05946597,0.002343865,0.003128035,0.9188226,0,0,0
0,1455,0.04380658,0.06054691,0.002401434,0.003148513,0.03958905,0.05879373,0.002320329,0.003106316,0.9190884,0,0,0
0,1470,0.04331839,0.05987813,0.002378196,0.00312989,0.03914521,0.05813759,0.002297324,0.003084915,0.9193524,0,0,0
0,1485,0.04284121,0.05922453,0.002355444,0.003111453,0.03871217,0.05749686,0.002274828,0.003063822,0.919615,0,0,0
0,1500,0.04237459,0.05858547,0.002333158,0.003093195,0.03828947,0.05687087,0.00225282,0.003043023,0.9198761,0,0,0
0,1515,0.04191811,0.05796036,0.002311321,0.003075111,0.03787667,0.05625902,0.002231281,0.003022509,0.920136,0,0,0
0,1530,0.04147138,0.05734866,0.002289915,0.003057196,0.03747335,0.05566073,0.002210193,0.00300227,0.9203947,0,0,0
0,1545,0.04103401,0.05674983,0.002268924,0.003039445,0.03707914,0.05507545,0.002189537,0.002982295,0.9206524,0,0,0
0,1560,0.04060566,0.05616338,0.002248334,0.003021855,0.03669366,0.05450267,0.002169297,0.002962579,0.9209092,0,0,0
0,1575,0.04018601,0.05558885,0.00222813,0.003004422,0.03631657,0.05394192,0.00214946,0.002943111,0.9211651,0,0,0
0,1590,0.03977472,0.05502579,0.002208298,0.002987143,0.03594755,0.05339273,0.002130008,0.002923887,0.9214203,0,0,0
0,1605,0.03937152,0.05447379,0.002188826,0.002970015,0.03558629,0.05285468,0.00211093,0.002904901,0.9216748,0,0,0
0,1620,0.03897611,0.05393248,0.002169703,0.002953036,0.03523251,0.05232736,0.002092212,0.002886145,0.9219286,0,0,0
0,1635,0.03858826,0.05340145,0.002150916,0.002936206,0.03488592,0.05181038,0.002073842,0.002867616,0.922182,0,0,0
0,1650,0.03820768,0.05288037,0.002132454,0.002919521,0.03454629,0.05130339,0.002055807,0.002849309,0.9224347,0,0,0
0,1665,0.03783416,0.05236891,0.002114309,0.002902981,0.03421336,0.05080603,0.002038098,0.002831219,0.9226871,0,0,0
0,1680,0.03746747,0.05186673,0.00209647,0.002886586,0.03388689,0.05031797,0.002020704,0.002813344,0.922939,0,0,0
0,1695,0.0371071,0.0513735,0.002078926,0.002870333,0.03356616,0.04983881,0.002003611,0.002795678,0.9231867,0,0,0
0,1710,0.03675148,0.05088842,0.002061648,0.002854213,0.03324962,0.04936759,0.001986782,0.002778198,0.9234295,0,0,0
0,1725,0.03640065,0.05041081,0.002044613,0.002838211,0.03293762,0.04890375,0.001970199,0.002760888,0.9236706,0,0,0
0,1740,0.03605512,0.04994052,0.00202782,0.002822328,0.03263065,0.04844723,0.001953862,0.002743749,0.923911,0,0,0
0,1755,0.03571516,0.04947754,0.002011268,0.002806569,0.03232893,0.04799803,0.001937775,0.002726788,0.9241508,0,0,0
0,1770,0.03538083,0.04902184,0.001994959,0.002790941,0.03203249,0.0475561,0.001921936,0.002710012,0.9243902,0,0,0
0,1785,0.03505208,0.04857336,0.001978892,0.002775448,0.03174129,0.04712138,0.001906344,0.002693424,0.9246292,0,0,0
0,1800,0.03472884,0.04813199,0.001963064,0.002760092,0.03145522,0.04669375,0.001890996,0.002677025,0.9248677,0,0,0
0,1815,0.03441099,0.0476976,0.00194747,0.002744877,0.03117418,0.04627306,0.001875888,0.002660816,0.925106,0,0,0
0,1830,0.03409842,0.04727004,0.001932108,0.002729802,0.03089804,0.04585915,0.001861013,0.002644798,0.925344,0,0,0
0,1845,0.03379099,0.04684914,0.001916971,0.002714869,0.03062667,0.04545186,0.001846368,0.002628969,0.9255816,0,0,0
0,1860,0.03348859,0.04643473,0.001902054,0.002700078,0.03035994,0.04505099,0.001831946,0.002613327,0.9258191,0,0,0
0,1875,0.03319108,0.04602664,0.001887353,0.002685429,0.03009772,0.04465637,0.001817742,0.002597873,0.9260563,0,0,0
0,1890,0.03289834,0.0456247,0.001872861,0.002670922,0.02983989,0.04426783,0.001803748,0.002582602,0.9262934,0,0,0
0,1905,0.03261025,0.04522874,0.001858573,0.002656555,0.02958633,0.04388519,0.00178996,0.002567514,0.9265302,0,0,0
0,1920,0.03232669,0.04483859,0.001844484,0.002642329,0.02933693,0.04350828,0.001776372,0.002552604,0.9267669,0,0,0
0,1935,0.03204755,0.0444541,0.001830588,0.002628241,0.02909156,0.04313694,0.001762979,0.002537872,0.9270034,0,0,0
0,1950,0.03177273,0.04407509,0.001816881,0.002614291,0.02885013,0.042771,0.001749774,0.002523313,0.9272398,0,0,0
0,1965,0.03150211,0.04370144,0.001803358,0.002600476,0.02861253,0.04241032,0.001736753,0.002508926,0.9274761,0,0,0
0,1980,0.0312356,0.04333298,0.001790012,0.002586795,0.02837864,0.04205474,0.00172391,0.002494706,0.9277123,0,0,0
0,1995,0.03097221,0.04296952,0.001776838,0.002573246,0.0281463,0.04170391,0.001711232,0.002480648,0.9279372,0,0,0
0,2010,0.03069809,0.04260724,0.00176368,0.002559764,0.0278996,0.0413521,0.001698473,0.002466605,0.9281319,0,0,0
0,2025,0.03041345,0.04224092,0.001750339,0.002546184,0.02764405,0.04099545,0.001685492,0.002452373,0.9283207,0,0,0
0,2040,0.03012846,0.0418725,0.001736907,0.00253252,0.02738928,0.04063718,0.00167244,0.002438037,0.9285085,0,0,0
0,2055,0.02984805,0.04150516,0.001723509,0.002518863,0.02713939,0.04028056,0.001659445,0.002423728,0.9286959,0,0,0
0,2070,0.02957399,0.04114123,0.001710231,0.002505284,0.02689578,0.03992778,0.001646592,0.002409535,0.928883,0,0,0
0,2085,0.02930671,0.04078215,0.001697125,0.002491823,0.02665874,0.03958011,0.001633925,0.002395507,0.9290699,0,0,0
0,2100,0.02904612,0.04042869,0.001684217,0.002478503,0.02642811,0.03923824,0.001621469,0.002381669,0.9292566,0,0,0
0,2115,0.0287919,0.0400812,0.00167152,0.002465334,0.02620351,0.03890239,0.001609232,0.00236803,0.9294431,0,0,0
0,2130,0.0285436,0.03973966,0.001659033,0.002452318,0.02598449,0.03857251,0.001597211,0.002354592,0.9296294,0,0,0
0,2145,0.02830078,0.03940393,0.001646752,0.002439453,0.0257706,0.03824842,0.001585399,0.002341347,0.9298156,0,0,0
0,2160,0.02806304,0.0390738,0.001634668,0.002426734,0.02556145,0.03792986,0.001573786,0.00232829,0.9300016,0,0,0
0,2175,0.02783003,0.03874902,0.001622772,0.002414157,0.02535667,0.03761656,0.001562363,0.002315412,0.9301875,0,0,0
0,2190,0.02760142,0.03842932,0.001611055,0.002401716,0.02515593,0.03730826,0.001551118,0.002302704,0.9303732,0,0,0
0,2205,0.02737691,0.03811444,0.001599507,0.002389405,0.02495895,0.03700469,0.001540042,0.002290157,0.9305588,0,0,0
0,2220,0.02715625,0.03780415,0.00158812,0.002377218,0.02476547,0.03670559,0.001529125,0.002277763,0.9307443,0,0,0
0,2235,0.02693922,0.0374982,0.001576884,0.00236515,0.02457528,0.03641075,0.00151836,0.002265515,0.9309297,0,0,0
0,2250,0.02672564,0.03719642,0.001565794,0.002353196,0.0243882,0.03611996,0.001507737,0.002253405,0.931115,0,0,0
0,2265,0.02651534,0.03689861,0.001554842,0.002341352,0.02420406,0.03583303,0.001497251,0.002241427,0.9313002,0,0,0
0,2280,0.02630818,0.03660462,0.001544024,0.002329614,0.02402273,0.03554982,0.001486895,0.002229576,0.9314854,0,0,0
0,2295,0.02610402,0.03631432,0.001533332,0.002317977,0.02384408,0.03527019,0.001476665,0.002217846,0.9316705,0,0,0
0,2310,0.02590276,0.03602757,0.001522764,0.00230644,0.023668,0.03499399,0.001466555,0.002206234,0.9318555,0,0,0
0,2325,0.02570431,0.03574426,0.001512315,0.002294998,0.02349441,0.03472114,0.001456562,0.002194734,0.9320405,0,0,0
0,2340,0.02550857,0.03546429,0.001501982,0.00228365,0.02332321,0.03445152,0.001446681,0.002183345,0.9322253,0,0,0
0,2355,0.02531547,0.03518757,0.00149176,0.002272393,0.02315434,0.03418504,0.00143691,0.002172061,0.9324102,0,0,0
0,2370,0.02512492,0.03491401,0.001481648,0.002261225,0.02298772,0.03392163,0.001427246,0.002160881,0.932595,0,0,0
0,2385,0.02493688,0.03464355,0.001471642,0.002250144,0.02282329,0.03366119,0.001417685,0.002149802,0.9327798,0,0,0
0,2400,0.02475127,0.0343761,0.001461741,0.002239147,0.022661,0.03340368,0.001408225,0.002138821,0.9329645,0,0,0
0,2415,0.02456805,0.03411162,0.001451941,0.002228235,0.02250078,0.03314901,0.001398864,0.002127936,0.9331492,0,0,0
0,2430,0.02438715,0.03385002,0.001442241,0.002217405,0.0223426,0.03289713,0.001389599,0.002117145,0.9333339,0,0,0
0,2445,0.02420852,0.03359126,0.001432639,0.002206655,0.0221864,0.03264799,0.001380429,0.002106447,0.9335185,0,0,0
0,2460,0.02403213,0.03333528,0.001423133,0.002195985,0.02203214,0.03240153,0.001371352,0.002095839,0.9337031,0,0,0
0,2475,0.02385793,0.03308203,0.00141372,0.002185393,0.02187978,0.0321577,0.001362365,0.002085319,0.9338877,0,0,0
0,2490,0.02368587,0.03283147,0.0014044,0.002174878,0.02172929,0.03191645,0.001353468,0.002074887,0.9340723,0,0,0
0,2505,0.02351591,0.03258354,0.001395171,0.002164439,0.02158061,0.03167773,0.001344659,0.00206454,0.9342568,0,0,0
0,2520,0.02334801,0.03233821,0.001386031,0.002154075,0.02143372,0.03144151,0.001335935,0.002054278,0.9344413,0,0,0
0,2535,0.02318214,0.03209542,0.001376979,0.002143786,0.02128859,0.03120774,0.001327296,0.002044099,0.9346258,0,0,0
0,2550,0.02301826,0.03185514,0.001368013,0.002133569,0.02114517,0.03097638,0.00131874,0.002034001,0.9348103,0,0,0
0,2565,0.02285634,0.03161733,0.001359132,0.002123425,0.02100344,0.03074739,0.001310266,0.002023984,0.9349948,0,0,0
0,2580,0.02269633,0.03138195,0.001350335,0.002113353,0.02086337,0.03052074,0.001301872,0.002014047,0.9351792,0,0,0
0,2595,0.02253821,0.03114896,0.00134162,0.002103351,0.02072492,0.03029638,0.001293557,0.002004187,0.9353637,0,0,0
0,2610,0.02238195,0.03091832,0.001332986,0.002093419,0.02058807,0.03007428,0.001285321,0.001994405,0.9355481,0,0,0
0,2625,0.02222751,0.03069002,0.001324433,0.002083556,0.02045279,0.02985442,0.001277161,0.0019847,0.9357325,0,0,0
0,2640,0.02207487,0.030464,0.001315958,0.002073762,0.02031905,0.02963674,0.001269076,0.001975069,0.935917,0,0,0
0,2655,0.02192399,0.03024023,0.001307561,0.002064036,0.02018683,0.02942124,0.001261066,0.001965513,0.9361014,0,0,0
0,2670,0.02177485,0.03001869,0.001299241,0.002054377,0.0200561,0.02920786,0.00125313,0.00195603,0.9362858,0,0,0
0,2685,0.02162741,0.02979934,0.001290996,0.002044784,0.01992683,0.02899659,0.001245266,0.00194662,0.9364702,0,0,0
0,2700,0.02148166,0.02958215,0.001282826,0.002035257,0.01979901,0.02878739,0.001237473,0.001937282,0.9366546,0,0,0
0,2715,0.02133756,0.02936709,0.001274729,0.002025796,0.0196726,0.02858023,0.00122975,0.001928014,0.936839,0,0,0
0,2730,0.02119508,0.02915414,0.001266705,0.0020164,0.01954759,0.02837509,0.001222097,0.001918816,0.9370233,0,0,0
0,2745,0.02105421,0.02894326,0.001258752,0.002007067,0.01942394,0.02817193,0.001214512,0.001909688,0.9372078,0,0,0
0,2760,0.02091492,0.02873443,0.00125087,0.001997798,0.01930165,0.02797074,0.001206995,0.001900628,0.9373921,0,0,0
0,2775,0.02077717,0.02852762,0.001243058,0.001988592,0.01918068,0.02777148,0.001199544,0.001891635,0.9375765,0,0,0
0,2790,0.02064096,0.0283228,0.001235315,0.001979448,0.01906103,0.02757413,0.001192159,0.00188271,0.9377608,0,0,0
0,2805,0.02050625,0.02811995,0.001227639,0.001970367,0.01894265,0.02737867,0.001184838,0.00187385,0.9379452,0,0,0
0,2820,0.02037302,0.02791904,0.001220031,0.001961346,0.01882555,0.02718506,0.001177582,0.001865057,0.9381295,0,0,0
0,2835,0.02024125,0.02772004,0.001212489,0.001952387,0.01870968,0.02699329,0.001170389,0.001856328,0.9383139,0,0,0
0,2850,0.02011092,0.02752294,0.001205012,0.001943487,0.01859505,0.02680333,0.001163258,0.001847663,0.9384983,0,0,0
0,2865,0.01998201,0.02732771,0.0011976,0.001934648,0.01848163,0.02661516,0.001156188,0.001839061,0.9386826,0,0,0
0,2880,0.01985449,0.02713433,0.001190252,0.001925868,0.01836939,0.02642875,0.001149179,0.001830522,0.9388669,0,0,0
0,2895,0.01972835,0.02694276,0.001182967,0.001917147,0.01825833,0.02624409,0.00114223,0.001822046,0.9390513,0,0,0
0,2910,0.01960356,0.026753,0.001175744,0.001908484,0.01814842,0.02606115,0.001135341,0.001813631,0.9392356,0,0,0
0,2925,0.0194801,0.02656501,0.001168582,0.001899879,0.01803965,0.02587992,0.00112851,0.001805277,0.93942,0,0,0
0,2940,0.01935796,0.02637878,0.001161482,0.001891331,0.017932,0.02570036,0.001121737,0.001796983,0.9396043,0,0,0
0,2955,0.01923712,0.02619429,0.001154441,0.001882841,0.01782545,0.02552246,0.00111502,0.001788749,0.9397886,0,0,0
0,2970,0.01911755,0.02601151,0.00114746,0.001874406,0.01772,0.02534621,0.00110836,0.001780574,0.939973,0,0,0
0,2985,0.01899925,0.02583042,0.001140538,0.001866028,0.01761561,0.02517157,0.001101756,0.001772458,0.9401573,0,0,0
0,3000,0.01888218,0.025651,0.001133673,0.001857706,0.01751228,0.02499854,0.001095208,0.001764399,0.9403417,0,0,0
0,3015,0.01876633,0.02547324,0.001126866,0.001849439,0.01740999,0.02482708,0.001088714,0.001756398,0.9405259,0,0,0
0,3030,0.01865169,0.02529712,0.001120116,0.001841226,0.01730873,0.0246572,0.001082273,0.001748454,0.9407103,0,0,0
0,3045,0.01853824,0.02512261,0.001113421,0.001833068,0.01720848,0.02448885,0.001075885,0.001740566,0.9408947,0,0,0
0,3060,0.01842597,0.02494969,0.001106782,0.001824964,0.01710922,0.02432203,0.00106955,0.001732734,0.941079,0,0,0
0,3075,0.01831484,0.02477835,0.001100198,0.001816913,0.01701096,0.02415672,0.001063268,0.001724957,0.9412633,0,0,0
0,3090,0.01820486,0.02460857,0.001093669,0.001808915,0.01691365,0.02399291,0.001057036,0.001717236,0.9414476,0,0,0
0,3105,0.018096,0.02444034,0.001087192,0.00180097,0.01681731,0.02383056,0.001050855,0.001709568,0.941632,0,0,0
0,3120,0.01798825,0.02427362,0.001080768,0.001793077,0.01672191,0.02366968,0.001044724,0.001701954,0.9418163,0,0,0
0,3135,0.01788159,0.02410842,0.001074398,0.001785236,0.01662743,0.02351024,0.001038644,0.001694393,0.9420006,0,0,0
0,3150,0.01777601,0.0239447,0.001068079,0.001777447,0.01653388,0.02335222,0.001032614,0.001686886,0.9421849,0,0,0
0,3165,0.01767149,0.02378245,0.001061811,0.001769708,0.01644123,0.02319561,0.001026631,0.00167943,0.9423693,0,0,0
0,3180,0.01756802,0.02362167,0.001055594,0.00176202,0.01634947,0.0230404,0.001020695,0.001672026,0.9425536,0,0,0
0,3195,0.01746558,0.02346232,0.001049427,0.001754383,0.01625859,0.02288656,0.001014807,0.001664674,0.9427379,0,0,0
0,3210,0.01736417,0.0233044,0.001043309,0.001746795,0.01616858,0.02273408,0.001008967,0.001657373,0.9429222,0,0,0
0,3225,0.01726376,0.02314788,0.00103724,0.001739257,0.01607942,0.02258295,0.001003172,0.001650122,0.9431066,0,0,0
0,3240,0.01716434,0.02299276,0.00103122,0.001731768,0.01599111,0.02243316,0.0009974233,0.001642921,0.9432909,0,0,0
0,3255,0.0170659,0.02283901,0.001025248,0.001724328,0.01590363,0.02228468,0.0009917204,0.001635769,0.9434752,0,0,0
0,3270,0.01696843,0.02268663,0.001019324,0.001716936,0.01581698,0.02213751,0.000986064,0.001628667,0.9436595,0,0,0
0,3285,0.01687191,0.02253559,0.001013449,0.001709593,0.01573113,0.02199162,0.0009804536,0.001621613,0.9438438,0,0,0
0,3300,0.01677633,0.02238589,0.001007619,0.001702297,0.01564609,0.02184701,0.0009748852,0.001614608,0.9440282,0,0,0
0,3315,0.01668168,0.0222375,0.001001833,0.001695048,0.01556183,0.02170366,0.0009693568,0.001607651,0.9442125,0,0,0
0,3330,0.01658791,0.02209042,0.0009960945,0.001687846,0.01547816,0.02156156,0.0009638762,0.00160074,0.944393,0,0,0
0,3345,0.01648425,0.02194266,0.000990316,0.001680661,0.01537956,0.02141709,0.000958274,0.001593792,0.9445162,0,0,0
0,3360,0.01636043,0.02178701,0.0009841954,0.001673291,0.01526205,0.02126302,0.0009522412,0.001586497,0.9446239,0,0,0
0,3375,0.01622882,0.02162393,0.0009777743,0.001665686,0.01513872,0.02110191,0.0009459184,0.001578886,0.9447302,0,0,0
0,3390,0.01609672,0.02145691,0.0009712006,0.00165795,0.01501568,0.02093748,0.0009394665,0.001571119,0.9448365,0,0,0
0,3405,0.01596702,0.02128873,0.0009645827,0.001650172,0.01489536,0.02077239,0.0009329912,0.001563311,0.9449427,0,0,0
0,3420,0.01584087,0.02112122,0.0009579906,0.001642408,0.01477872,0.02060835,0.0009265586,0.001555531,0.9450489,0,0,0
0,3435,0.01571866,0.02095556,0.0009514681,0.001634691,0.01466603,0.02044642,0.0009202086,0.00154782,0.945155,0,0,0
0,3450,0.01560042,0.0207924,0.0009450396,0.001627041,0.01455728,0.02028717,0.0009139629,0.0015402,0.9452612,0,0,0
0,3465,0.015486,0.02063208,0.0009387179,0.001619469,0.01445229,0.02013087,0.0009078316,0.001532684,0.9453674,0,0,0
0,3480,0.01537516,0.0204747,0.0009325072,0.00161198,0.0143508,0.01997758,0.0009018173,0.001525276,0.9454736,0,0,0
0,3495,0.01526762,0.02032026,0.0009264072,0.001604575,0.01425252,0.01982728,0.0008959179,0.001517976,0.9455796,0,0,0
0,3510,0.01516313,0.02016868,0.0009204143,0.001597255,0.01415719,0.01967986,0.0008901289,0.001510782,0.9456858,0,0,0
0,3525,0.0150614,0.02001981,0.0009145237,0.001590015,0.01406452,0.01953515,0.0008844445,0.001503688,0.945792,0,0,0
0,3540,0.01496221,0.01987352,0.0009087296,0.001582855,0.01397429,0.01939302,0.0008788581,0.001496691,0.9458981,0,0,0
0,3555,0.01486533,0.01972966,0.0009030261,0.001575771,0.01388625,0.0192533,0.0008733635,0.001489785,0.9460042,0,0,0
0,3570,0.01477056,0.01958807,0.0008974077,0.00156876,0.01380023,0.01911584,0.0008679544,0.001482966,0.9461104,0,0,0
0,3585,0.01467772,0.01944862,0.0008918688,0.001561818,0.01371603,0.01898049,0.0008626251,0.001476228,0.9462165,0,0,0
0,3600,0.01458665,0.01931119,0.0008864047,0.001554942,0.0136335,0.01884714,0.0008573704,0.001469566,0.9463226,0,0,0
0,3615,0.01449722,0.01917566,0.0008810107,0.001548131,0.0135525,0.01871565,0.0008521855,0.001462977,0.9464287,0,0,0
0,3630,0.0144093,0.01904192,0.0008756827,0.00154138,0.01347291,0.01858593,0.0008470662,0.001456458,0.9465348,0,0,0
0,3645,0.0143228,0.01890988,0.0008704173,0.001534687,0.01339464,0.01845787,0.0008420085,0.001450003,0.9466409,0,0,0
0,3660,0.0142376,0.01877945,0.0008652111,0.001528052,0.01331757,0.0183314,0.0008370093,0.001443611,0.946747,0,0,0
0,3675,0.01415364,0.01865057,0.0008600613,0.00152147,0.01324164,0.01820643,0.0008320654,0.001437279,0.9468531,0,0,0
0,3690,0.01407084,0.01852317,0.0008549652,0.001514942,0.01316677,0.01808291,0.0008271742,0.001431003,0.9469591,0,0,0
0,3705,0.01398913,0.01839718,0.0008499208,0.001508464,0.01309291,0.01796077,0.0008223334,0.001424782,0.9470652,0,0,0
0,3720,0.01390846,0.01827256,0.0008449258,0.001502036,0.01301998,0.01783996,0.0008175409,0.001418614,0.9471713,0,0,0
0,3735,0.01382878,0.01814925,0.0008399786,0.001495656,0.01294795,0.01772043,0.0008127947,0.001412497,0.9472774,0,0,0
0,3750,0.01375005,0.01802721,0.0008350774,0.001489324,0.01287677,0.01760214,0.0008080932,0.001406429,0.9473835,0,0,0
0,3765,0.01367222,0.01790641,0.0008302209,0.001483037,0.0128064,0.01748504,0.000803435,0.001400409,0.9474896,0,0,0
0,3780,0.01359526,0.01778681,0.0008254076,0.001476795,0.01273681,0.01736911,0.0007988187,0.001394436,0.9475957,0,0,0
0,3795,0.01351915,0.01766837,0.0008206365,0.001470597,0.01266797,0.0172543,0.000794243,0.001388508,0.9477017,0,0,0
0,3810,0.01344384,0.01755107,0.0008159066,0.001464442,0.01259986,0.01714061,0.0007897069,0.001382624,0.9478078,0,0,0
0,3825,0.01336932,0.01743489,0.0008112167,0.001458329,0.01253244,0.01702798,0.0007852094,0.001376783,0.9479138,0,0,0
0,3840,0.01329556,0.01731979,0.000806566,0.001452259,0.0124657,0.01691641,0.0007807496,0.001370985,0.9480199,0,0,0
0,3855,0.01322212,0.01720573,0.0008019527,0.001446229,0.01239849,0.01680578,0.0007763226,0.001365227,0.9481163,0,0,0
0,3870,0.01314046,0.01709054,0.0007972816,0.001440198,0.012321,0.01669278,0.0007717767,0.001359414,0.9481867,0,0,0
0,3885,0.01305148,0.01697159,0.0007924472,0.001434067,0.01223753,0.01657574,0.0007670505,0.001353432,0.9482552,0,0,0
0,3900,0.01296097,0.01685028,0.0007875171,0.00142786,0.01215317,0.01645664,0.0007622394,0.00134735,0.9483237,0,0,0
0,3915,0.01287125,0.01672817,0.0007825554,0.001421628,0.01206982,0.016337,0.0007574072,0.001341238,0.9483921,0,0,0
0,3930,0.01278318,0.01660634,0.0007776039,0.001415407,0.01198821,0.01621783,0.0007525937,0.001335141,0.9484605,0,0,0
0,3945,0.01269711,0.01648548,0.0007726891,0.001409216,0.0119086,0.01609977,0.0007478232,0.001329083,0.948529,0,0,0
0,3960,0.01261312,0.016366,0.0007678264,0.001403069,0.01183106,0.01598318,0.0007431099,0.001323079,0.9485974,0,0,0
0,3975,0.01253119,0.01624811,0.0007630244,0.001396973,0.01175554,0.01586825,0.0007384609,0.001317136,0.9486659,0,0,0
0,3990,0.01245122,0.01613193,0.0007582867,0.00139093,0.01168192,0.01575505,0.000733879,0.001311259,0.9487343,0,0,0
0,4005,0.0123731,0.01601746,0.0007536142,0.001384942,0.01161009,0.01564358,0.0007293641,0.001305448,0.9488028,0,0,0
0,4020,0.01229668,0.01590467,0.0007490055,0.001379009,0.0115399,0.01553381,0.0007249144,0.001299701,0.9488712,0,0,0
0,4035,0.01222185,0.01579352,0.0007444588,0.00137313,0.01147124,0.01542566,0.0007205274,0.001294018,0.9489396,0,0,0
0,4050,0.01214848,0.01568394,0.0007399714,0.001367304,0.01140397,0.01531907,0.0007162002,0.001288397,0.949008,0,0,0
0,4065,0.01207647,0.01557586,0.0007355405,0.001361529,0.01133799,0.01521397,0.0007119296,0.001282834,0.9490765,0,0,0
0,4080,0.01200571,0.01546919,0.0007311631,0.001355805,0.01127319,0.01511027,0.0007077125,0.001277327,0.9491449,0,0,0
0,4095,0.0119361,0.01536388,0.0007268367,0.001350128,0.01120948,0.01500791,0.0007035461,0.001271874,0.9492133,0,0,0
0,4110,0.01186758,0.01525986,0.0007225586,0.001344499,0.01114678,0.01490681,0.0006994276,0.001266472,0.9492816,0,0,0
0,4125,0.01179985,0.01515703,0.0007183249,0.001338914,0.01108473,0.01480686,0.0006953515,0.001261118,0.9493484,0,0,0
0,4140,0.01173258,0.0150552,0.0007141274,0.001333368,0.01102303,0.01470783,0.0006913085,0.001255803,0.9494138,0,0,0
0,4155,0.01166567,0.01495422,0.0007099607,0.001327856,0.01096161,0.01460961,0.0006872938,0.001250522,0.949478,0,0,0
0,4170,0.01159906,0.01485401,0.0007058209,0.001322377,0.01090042,0.01451209,0.0006833037,0.00124527,0.9495409,0,0,0
0,4185,0.01153273,0.01475448,0.0007017058,0.001316926,0.01083945,0.01441523,0.0006793363,0.001240046,0.9496026,0,0,0
0,4200,0.01146667,0.01465562,0.0006976138,0.001311505,0.01077869,0.01431899,0.00067539,0.001234848,0.9496631,0,0,0
0,4215,0.01140091,0.01455739,0.0006935442,0.00130611,0.01071816,0.01422335,0.0006714644,0.001229676,0.9497224,0,0,0
0,4230,0.01133543,0.01445979,0.0006894968,0.001300743,0.01065787,0.01412831,0.0006675593,0.001224528,0.9497806,0,0,0
0,4245,0.01127027,0.01436282,0.0006854713,0.001295403,0.01059782,0.01403387,0.0006636746,0.001219406,0.9498376,0,0,0
0,4260,0.01120542,0.01426647,0.0006814679,0.001290089,0.01053804,0.01394002,0.0006598104,0.001214308,0.9498935,0,0,0
0,4275,0.01114091,0.01417074,0.0006774867,0.001284803,0.01047854,0.01384676,0.000655967,0.001209235,0.9499484,0,0,0
0,4290,0.01107674,0.01407564,0.0006735278,0.001279542,0.01041933,0.01375411,0.0006521445,0.001204186,0.9500023,0,0,0
0,4305,0.01101292,0.01398117,0.0006695913,0.001274308,0.01036042,0.01366206,0.0006483433,0.001199163,0.9500551,0,0,0
0,4320,0.01094948,0.01388734,0.0006656776,0.001269101,0.01030184,0.01357063,0.0006445635,0.001194165,0.9501069,0,0,0
0,4335,0.01088641,0.01379415,0.0006617868,0.001263921,0.01024357,0.01347981,0.0006408054,0.001189193,0.9501578,0,0,0
0,4350,0.01082373,0.01370159,0.000657919,0.001258767,0.01018565,0.0133896,0.0006370692,0.001184246,0.9502077,0,0,0
0,4365,0.01076144,0.01360969,0.0006540744,0.00125364,0.01012807,0.01330002,0.0006333552,0.001179325,0.9502567,0,0,0
0,4380,0.01069955,0.01351842,0.0006502533,0.00124854,0.01007084,0.01321107,0.0006296634,0.001174429,0.9503048,0,0,0
0,4395,0.01063805,0.01342781,0.0006464556,0.001243467,0.01001387,0.01312274,0.000625994,0.00116956,0.9503493,0,0,0
0,4410,0.01056983,0.01333655,0.000642624,0.0012384,0.009946947,0.01303269,0.0006222377,0.001164658,0.9503559,0,0,0
0,4425,0.01048957,0.01324038,0.0006385758,0.00123321,0.009869252,0.01293686,0.0006182183,0.001159533,0.9503561,0,0,0
0,4440,0.01040565,0.01314021,0.0006343641,0.001227885,0.009789106,0.01283739,0.0006140486,0.001154234,0.9503562,0,0,0
0,4455,0.01032208,0.01303818,0.0006300809,0.001222498,0.009709747,0.01273647,0.0006098232,0.001148863,0.9503562,0,0,0
0,4470,0.01024032,0.01293586,0.0006257873,0.001217099,0.009632394,0.01263555,0.0006056007,0.001143486,0.9503562,0,0,0
0,4485,0.01016095,0.01283423,0.0006215219,0.001211721,0.009557506,0.01253554,0.0006014168,0.00113814,0.9503562,0,0,0
0,4500,0.01008412,0.01273389,0.0006173078,0.00120638,0.009485197,0.01243698,0.0005972924,0.001132847,0.9503562,0,0,0
0,4515,0.01000982,0.01263518,0.0006131576,0.001201087,0.009415415,0.01234016,0.0005932385,0.001127618,0.9503563,0,0,0
0,4530,0.00993792,0.01253825,0.0006090772,0.001195848,0.009348021,0.01224519,0.0005892593,0.00112246,0.9503563,0,0,0
0,4545,0.009868264,0.01244314,0.000605068,0.001190665,0.009282844,0.01215209,0.0005853553,0.001117373,0.9503563,0,0,0
0,4560,0.009800678,0.01234982,0.0006011291,0.001185538,0.009219702,0.01206081,0.0005815246,0.001112358,0.9503564,0,0,0
0,4575,0.009734984,0.01225823,0.0005972577,0.001180466,0.009158414,0.01197129,0.0005777637,0.001107411,0.9503564,0,0,0
0,4590,0.009671012,0.01216828,0.0005934504,0.001175449,0.009098809,0.01188341,0.0005740686,0.00110253,0.9503564,0,0,0
0,4605,0.009608606,0.01207986,0.0005897032,0.001170482,0.009040729,0.01179707,0.000570435,0.001097711,0.9503564,0,0,0
0,4620,0.009547627,0.0119929,0.0005860124,0.001165566,0.008984035,0.01171219,0.0005668589,0.001092951,0.9503564,0,0,0
0,4635,0.009487951,0.01190729,0.0005823746,0.001160697,0.008928601,0.01162866,0.0005633365,0.001088247,0.9503564,0,0,0
0,4650,0.009429467,0.01182297,0.0005787865,0.001155874,0.008874316,0.01154641,0.0005598642,0.001083595,0.9503564,0,0,0
0,4665,0.009372075,0.01173985,0.000575245,0.001151094,0.00882108,0.01146535,0.0005564388,0.001078994,0.9503565,0,0,0
0,4680,0.009315685,0.01165786,0.0005717473,0.001146356,0.008768805,0.01138542,0.0005530573,0.001074439,0.9503565,0,0,0
0,4695,0.009260222,0.01157694,0.0005682907,0.001141658,0.008717413,0.01130655,0.000549717,0.00106993,0.9503565,0,0,0
0,4710,0.009205615,0.01149703,0.000564873,0.001136998,0.008666836,0.01122867,0.0005464155,0.001065462,0.9503565,0,0,0
0,4725,0.009151805,0.01141808,0.0005614923,0.001132376,0.008617014,0.01115174,0.0005431506,0.001061035,0.9503565,0,0,0
0,4740,0.009098739,0.01134004,0.0005581466,0.001127789,0.008567894,0.01107571,0.0005399204,0.001056647,0.9503565,0,0,0
0,4755,0.00904637,0.01126288,0.0005548343,0.001123237,0.00851943,0.01100054,0.0005367234,0.001052296,0.9503565,0,0,0
0,4770,0.008994656,0.01118655,0.0005515541,0.001118718,0.00847158,0.0109262,0.0005335578,0.00104798,0.9503565,0,0,0
0,4785,0.008943561,0.01111103,0.0005483046,0.001114232,0.008424309,0.01085264,0.0005304226,0.001043699,0.9503565,0,0,0
0,4800,0.008893053,0.01103628,0.0005450846,0.001109778,0.008377586,0.01077984,0.0005273163,0.00103945,0.9503565,0,0,0
0,4815,0.008843103,0.01096228,0.0005418932,0.001105354,0.00833138,0.01070778,0.000524238,0.001035234,0.9503566,0,0,0
0,4830,0.008793686,0.010889,0.0005387294,0.001100961,0.008285668,0.01063642,0.0005211866,0.001031048,0.9503566,0,0,0
0,4845,0.008744778,0.01081642,0.0005355923,0.001096596,0.008240426,0.01056575,0.0005181614,0.001026893,0.9503566,0,0,0
0,4860,0.008696361,0.01074453,0.0005324812,0.001092261,0.008195636,0.01049574,0.0005151615,0.001022766,0.9503566,0,0,0
0,4875,0.008648414,0.01067329,0.0005293955,0.001087954,0.008151278,0.01042638,0.0005121862,0.001018669,0.9503566,0,0,0
0,4890,0.008600922,0.01060271,0.0005263345,0.001083675,0.008107337,0.01035766,0.0005092348,0.001014599,0.9503566,0,0,0
0,4905,0.00855387,0.01053276,0.0005232975,0.001079423,0.0080638,0.01028955,0.0005063069,0.001010557,0.9503566,0,0,0
0,4920,0.008507244,0.01046342,0.0005202842,0.001075198,0.008020651,0.01022204,0.0005034019,0.001006541,0.9503566,0,0,0
0,4935,0.008461033,0.01039469,0.0005172939,0.001070999,0.00797788,0.01015512,0.0005005192,0.001002552,0.9503566,0,0,0
0,4950,0.008415225,0.01032656,0.0005143263,0.001066826,0.007935475,0.01008878,0.0004976584,0.0009985879,0.9503567,0,0,0
0,4965,0.00836981,0.01025901,0.000511381,0.001062679,0.007893426,0.01002301,0.0004948191,0.0009946496,0.9503567,0,0,0
0,4980,0.008324778,0.01019202,0.0005084575,0.001058557,0.007851726,0.009957789,0.0004920008,0.0009907362,0.9503567,0,0,0
0,4995,0.00828012,0.0101256,0.0005055555,0.00105446,0.007810365,0.009893117,0.0004892033,0.0009868473,0.9503567,0,0,0
0,5010,0.008235829,0.01005974,0.0005026747,0.001050388,0.007769335,0.009828982,0.0004864262,0.0009829826,0.9503567,0,0,0
0,5025,0.008191897,0.009994413,0.0004998147,0.00104634,0.00772863,0.009765375,0.0004836692,0.0009791418,0.9503567,0,0,0
0,5040,0.008148317,0.009929624,0.0004969753,0.001042316,0.007688242,0.009702289,0.0004809319,0.0009753244,0.9503567,0,0,0
0,5055,0.008105082,0.009865365,0.0004941561,0.001038317,0.007648167,0.009639715,0.0004782141,0.0009715303,0.9503567,0,0,0
0,5070,0.008062187,0.009801625,0.0004913569,0.00103434,0.007608396,0.009577646,0.0004755155,0.0009677591,0.9503567,0,0,0
0,5085,0.008019624,0.009738399,0.0004885775,0.001030387,0.007568926,0.009516074,0.0004728358,0.0009640105,0.9503567,0,0,0
0,5100,0.00797739,0.009675679,0.0004858175,0.001026457,0.00752975,0.009454994,0.0004701749,0.0009602844,0.9503567,0,0,0
0,5115,0.007935476,0.009613459,0.0004830767,0.00102255,0.007490865,0.009394399,0.0004675324,0.0009565804,0.9503567,0,0,0
0,5130,0.007893882,0.009551732,0.0004803549,0.001018666,0.007452265,0.009334283,0.0004649081,0.0009528983,0.9503567,0,0,0
0,5145,0.007852599,0.009490492,0.0004776519,0.001014804,0.007413945,0.009274638,0.0004623019,0.0009492379,0.9503567,0,0,0
0,5160,0.007811625,0.009429734,0.0004749675,0.001010964,0.007375902,0.009215461,0.0004597135,0.0009455989,0.9503567,0,0,0
0,5175,0.007770953,0.009369452,0.0004723015,0.001007147,0.007338132,0.009156744,0.0004571427,0.0009419812,0.9503567,0,0,0
0,5190,0.007730581,0.009309639,0.0004696536,0.001003351,0.00730063,0.009098484,0.0004545893,0.0009383845,0.9503567,0,0,0
0,5205,0.007690504,0.009250293,0.0004670237,0.0009995766,0.007263393,0.009040674,0.0004520531,0.0009348086,0.9503567,0,0,0
0,5220,0.007650719,0.009191404,0.0004644116,0.000995824,0.007226417,0.008983309,0.000449534,0.0009312534,0.9503567,0,0,0
0,5235,0.00761122,0.009132971,0.0004618171,0.0009920927,0.007189699,0.008926385,0.0004470317,0.0009277185,0.9503567,0,0,0
0,5250,0.007572006,0.009074988,0.0004592401,0.0009883824,0.007153236,0.008869897,0.0004445461,0.000924204,0.9503567,0,0,0
0,5265,0.007533071,0.009017449,0.0004566802,0.0009846929,0.007117024,0.008813838,0.0004420771,0.0009207094,0.9503567,0,0,0
0,5280,0.007494413,0.00896035,0.0004541375,0.0009810245,0.007081059,0.008758208,0.0004396244,0.0009172347,0.9503567,0,0,0
0,5295,0.007456028,0.008903688,0.0004516117,0.0009773765,0.007045339,0.008702998,0.0004371879,0.0009137798,0.9503567,0,0,0
0,5310,0.007417913,0.008847455,0.0004491026,0.0009737489,0.007009862,0.008648206,0.0004347675,0.0009103444,0.9503567,0,0,0
0,5325,0.007380064,0.00879165,0.0004466102,0.0009701416,0.006974623,0.008593827,0.0004323629,0.0009069283,0.9503567,0,0,0
0,5340,0.007342479,0.008736266,0.0004441342,0.0009665543,0.006939621,0.008539857,0.0004299741,0.0009035314,0.9503567,0,0,0
0,5355,0.007305154,0.0086813,0.0004416745,0.000962987,0.006904852,0.008486292,0.0004276009,0.0009001536,0.9503567,0,0,0
0,5370,0.007268087,0.008626749,0.0004392309,0.0009594395,0.006870314,0.008433128,0.0004252431,0.0008967946,0.9503567,0,0,0
0,5385,0.007231274,0.008572606,0.0004368033,0.0009559116,0.006836004,0.008380361,0.0004229006,0.0008934544,0.9503567,0,0,0
0,5400,0.007194713,0.00851887,0.0004343916,0.0009524032,0.00680192,0.008327986,0.0004205733,0.0008901326,0.9503567,0,0,0
0,5415,0.0071584,0.008465536,0.0004319956,0.0009489142,0.006768059,0.008276002,0.000418261,0.0008868293,0.9503567,0,0,0
0,5430,0.007122334,0.0084126,0.0004296151,0.0009454442,0.006734418,0.008224402,0.0004159637,0.0008835443,0.9503567,0,0,0
0,5445,0.007086511,0.008360057,0.0004272501,0.0009419933,0.006700996,0.008173184,0.0004136811,0.0008802773,0.9503567,0,0,0
0,5460,0.007050929,0.008307906,0.0004249004,0.0009385613,0.00666779,0.008122345,0.0004114131,0.0008770283,0.9503567,0,0,0
0,5475,0.007015585,0.008256141,0.0004225659,0.000935148,0.006634798,0.008071879,0.0004091596,0.0008737971,0.9503567,0,0,0
0,5490,0.006980477,0.008204759,0.0004202464,0.0009317534,0.006602018,0.008021785,0.0004069206,0.0008705836,0.9503567,0,0,0
0,5505,0.006945602,0.008153756,0.0004179419,0.0009283772,0.006569446,0.007972059,0.0004046957,0.0008673876,0.9503567,0,0,0
0,5520,0.006910957,0.00810313,0.0004156521,0.0009250193,0.006537082,0.007922697,0.0004024851,0.000864209,0.9503567,0,0,0
0,5535,0.006876541,0.008052876,0.000413377,0.0009216795,0.006504923,0.007873696,0.0004002884,0.0008610477,0.9503567,0,0,0
0,5550,0.006842352,0.008002992,0.0004111164,0.0009183578,0.006472967,0.007825052,0.0003981057,0.0008579034,0.9503567,0,0,0
0,5565,0.006808385,0.007953473,0.0004088702,0.0009150541,0.006441212,0.007776763,0.0003959368,0.0008547762,0.9503567,0,0,0
0,5580,0.00677464,0.007904317,0.0004066383,0.000911768,0.006409656,0.007728825,0.0003937815,0.0008516658,0.9503567,0,0,0
0,5595,0.006741114,0.007855521,0.0004044206,0.0009084996,0.006378297,0.007681235,0.0003916398,0.0008485721,0.9503567,0,0,0
0,5610,0.006707805,0.007807079,0.000402217,0.0009052488,0.006347133,0.00763399,0.0003895116,0.000845495,0.9503567,0,0,0
0,5625,0.006674711,0.007758991,0.0004000273,0.0009020153,0.006316162,0.007587087,0.0003873967,0.0008424345,0.9503567,0,0,0
0,5640,0.006641829,0.007711252,0.0003978515,0.000898799,0.006285383,0.007540523,0.000385295,0.0008393902,0.9503567,0,0,0
0,5655,0.006609159,0.00766386,0.0003956894,0.0008956,0.006254793,0.007494294,0.0003832065,0.0008363621,0.9503567,0,0,0
0,5670,0.006576696,0.007616812,0.0003935409,0.0008924179,0.006224391,0.007448398,0.000381131,0.0008333502,0.9503567,0,0,0
0,5685,0.00654444,0.007570104,0.0003914059,0.0008892526,0.006194174,0.007402832,0.0003790684,0.0008303542,0.9503567,0,0,0
0,5700,0.006512389,0.007523733,0.0003892843,0.0008861041,0.006164142,0.007357593,0.0003770186,0.000827374,0.9503567,0,0,0
0,5715,0.00648054,0.007477697,0.0003871759,0.0008829723,0.006134293,0.007312679,0.0003749816,0.0008244096,0.9503567,0,0,0
0,5730,0.006448891,0.007431992,0.0003850808,0.000879857,0.006104624,0.007268085,0.0003729572,0.0008214608,0.9503567,0,0,0
0,5745,0.006417442,0.007386617,0.0003829988,0.000876758,0.006075135,0.007223811,0.0003709453,0.0008185275,0.9503567,0,0,0
0,5760,0.006386189,0.007341567,0.0003809298,0.0008736753,0.006045823,0.007179852,0.0003689458,0.0008156095,0.9503567,0,0,0
