"IndividualId","Time [min]","Organism|PeripheralVenousBlood|Midazolam|Plasma (Peripheral Venous Blood) [µmol/l]","Organism|VenousBlood|Plasma|Midazolam|Concentration in container [µmol/l]","Organism|Lumen|Midazolam|Fraction of oral drug mass absorbed into mucosa"
0,0,0,0,0
0,6,0,0,0
0,12,0,0,0
0,18,0,0,0
0,24,0,0,0
0,30,0,0,0
0,36,0,0,0
0,42,0,0,0
0,48,0,0,0
0,54,0,0,0
0,60,0,0,0
0,66,0,0,0
0,72,0,0,0
0,78,0,0,0
0,84,0,0,0
0,90,0,0,0
0,96,0,0,0
0,102,0,0,0
0,108,0,0,0
0,114,0,0,0
0,120,0,0,0
0,126,0.0001448589,0.0005724942,0.00714682
0,132,0.002154277,0.005032712,0.03832985
0,138,0.008010054,0.01491408,0.09539079
0,144,0.01744258,0.02834607,0.168925
0,150,0.02859827,0.04231868,0.2478713
0,156,0.03947704,0.05445736,0.3242575
0,162,0.04872542,0.06358691,0.3939474
0,168,0.05576748,0.06954032,0.4555978
0,174,0.06059731,0.07272877,0.5093926
0,180,0.06351085,0.07377546,0.5561569
0,186,0.06506328,0.07390342,0.6033865
0,192,0.06672493,0.07495537,0.6510497
0,198,0.06811348,0.07518033,0.6918301
0,204,0.06839828,0.07389563,0.7253395
0,210,0.06751341,0.0713857,0.7527773
0,216,0.06575362,0.06815495,0.7754843
0,222,0.06346233,0.06463278,0.7945763
0,228,0.06091271,0.06110578,0.8109003
0,234,0.05829043,0.05773675,0.8250793
0,240,0.05570699,0.05460047,0.8375666
0,246,0.0532226,0.05171832,0.8486933
0,252,0.05086459,0.0490823,0.8587034
0,258,0.04864036,0.04666733,0.867678
0,264,0.04652181,0.0443948,0.8755871
0,270,0.04450309,0.0422905,0.8828572
0,276,0.0426177,0.04037831,0.889625
0,282,0.04086687,0.0386333,0.8959321
0,288,0.03923366,0.03702212,0.9018068
0,294,0.03770008,0.03551861,0.9072787
0,300,0.03625235,0.03410511,0.9123784
0,306,0.03488085,0.03277007,0.9171361
0,312,0.03357879,0.03150564,0.9215795
0,318,0.03234104,0.03030605,0.9257342
0,324,0.03116344,0.02916669,0.9296232
0,330,0.03004102,0.02807695,0.9331536
0,336,0.0289502,0.02700144,0.9362778
0,342,0.0278961,0.02597497,0.9392167
0,348,0.0268971,0.02501376,0.9420115
0,354,0.02595474,0.02411224,0.9446653
0,360,0.02506348,0.02326141,0.9471796
0,366,0.02421738,0.02245419,0.9495586
0,372,0.02341183,0.02168577,0.9518089
0,378,0.02264343,0.02095281,0.9539378
0,384,0.02190952,0.02025281,0.9559528
0,390,0.02120791,0.01958374,0.957861
0,396,0.02053669,0.0189438,0.9596693
0,402,0.0198941,0.01833134,0.9613841
0,408,0.01927852,0.01774482,0.9630111
0,414,0.01868844,0.01718279,0.964556
0,420,0.01812243,0.01664389,0.9660238
0,426,0.01757916,0.01612685,0.9674191
0,432,0.01705736,0.01563046,0.9687455
0,438,0.01655195,0.01514102,0.9698937
0,444,0.01604706,0.01464298,0.9708872
0,450,0.01554898,0.01415682,0.9717996
0,456,0.01506827,0.01369392,0.9726604
0,462,0.01460926,0.01325658,0.9734825
0,468,0.01417227,0.01284335,0.9742721
0,474,0.013756,0.01245178,0.9750323
0,480,0.01335879,0.01207948,0.9757654
0,486,0.01297903,0.01172444,0.976473
0,492,0.01261533,0.01138501,0.9771565
0,498,0.01226646,0.01105986,0.9778171
0,504,0.0119314,0.01074789,0.9784558
0,510,0.01160923,0.01044815,0.9790736
0,516,0.01129914,0.01015985,0.9796716
0,522,0.01100041,0.00988226,0.9802506
0,528,0.01071238,0.009614757,0.9808114
0,534,0.01043445,0.009356761,0.9813547
0,540,0.01016594,0.009106845,0.9818619
0,546,0.009898175,0.008845985,0.9822427
0,552,0.009623571,0.008576535,0.982551
0,558,0.009351064,0.008313981,0.9828275
0,564,0.00908793,0.008065231,0.9830907
0,570,0.008837005,0.007831616,0.9833487
0,576,0.00859857,0.007612143,0.9836054
0,582,0.008371847,0.00740515,0.983862
0,588,0.008155784,0.007209017,0.9841194
0,594,0.007949354,0.00702237,0.9843772
0,600,0.007751657,0.006844102,0.9846357
0,606,0.007561929,0.006673335,0.9848943
0,612,0.007379522,0.006509364,0.9851531
0,618,0.007203886,0.006351613,0.9854116
0,624,0.007034541,0.006199603,0.9856696
0,630,0.006871067,0.006052922,0.985927
0,636,0.006713089,0.005911213,0.9861835
0,642,0.006560269,0.005774161,0.9864388
0,648,0.006412304,0.005641484,0.9866929
0,654,0.006268915,0.005512927,0.9869455
0,660,0.006129846,0.005388258,0.9871963
0,666,0.005994866,0.005267266,0.9874454
0,672,0.005863758,0.005149759,0.9876924
0,678,0.005736325,0.005035566,0.9879375
0,684,0.005612535,0.004924914,0.9881812
0,690,0.005492549,0.004817973,0.9884235
0,696,0.005376228,0.004714442,0.9886642
0,702,0.005263307,0.004613988,0.988903
0,708,0.00515352,0.004516323,0.9891399
0,714,0.005046638,0.00442121,0.9893745
0,720,0.00494246,0.004328458,0.9896069
0,726,0.004840816,0.004237909,0.9898366
0,732,0.004741561,0.004149434,0.9900638
0,738,0.004644568,0.004062925,0.9902883
0,744,0.004549725,0.00397829,0.9905098
0,750,0.004456935,0.003895449,0.9907284
0,756,0.004366112,0.003814331,0.990944
0,762,0.004277181,0.003734877,0.9911565
0,768,0.004190072,0.003657032,0.9913658
0,774,0.004104726,0.003580749,0.9915718
0,780,0.004021085,0.003505985,0.9917746
0,786,0.003939102,0.0034327,0.9919741
0,792,0.003858731,0.003360859,0.9921701
0,798,0.003779929,0.003290427,0.9923628
0,804,0.003702658,0.003221373,0.992552
0,810,0.00362688,0.003153667,0.9927379
0,816,0.003552562,0.00308728,0.9929203
0,822,0.003479671,0.003022185,0.9930993
0,828,0.003408175,0.002958355,0.9932749
0,834,0.003338047,0.002895766,0.993447
0,840,0.003269257,0.002834393,0.9936157
0,846,0.003201781,0.002774215,0.993781
0,852,0.003135593,0.002715209,0.9939429
0,858,0.003070668,0.002657353,0.9941014
0,864,0.003006982,0.002600627,0.9942566
0,870,0.002944513,0.002545008,0.9944085
0,876,0.002883239,0.002490478,0.9945571
0,882,0.002823137,0.002437017,0.9947024
0,888,0.002764187,0.002384606,0.9948446
0,894,0.002706368,0.002333225,0.9949834
0,900,0.00264966,0.002282857,0.9951192
0,906,0.002594043,0.002233482,0.9952519
0,912,0.002539497,0.002185084,0.9953815
0,918,0.002486004,0.002137645,0.995508
0,924,0.002433546,0.002091148,0.9956316
0,930,0.002382103,0.002045575,0.9957523
0,936,0.002331656,0.002000903,0.9958701
0,942,0.002282177,0.001957104,0.9959852
0,948,0.002233654,0.001914177,0.9960976
0,954,0.002186078,0.001872119,0.9962074
0,960,0.002139442,0.001830921,0.9963146
0,966,0.002093733,0.001790575,0.9964192
0,972,0.002048939,0.001751067,0.9965212
0,978,0.002005046,0.001712381,0.9966208
0,984,0.001962038,0.001674504,0.9967179
0,990,0.001919898,0.001637417,0.9968125
0,996,0.00187861,0.001601105,0.9969047
0,1002,0.001838157,0.00156555,0.9969946
0,1008,0.001798524,0.001530736,0.9970822
0,1014,0.001759692,0.001496648,0.9971675
0,1020,0.001721647,0.00146327,0.9972506
0,1026,0.001684371,0.001430587,0.9973315
0,1032,0.001647851,0.001398584,0.9974102
0,1038,0.00161207,0.001367247,0.9974869
0,1044,0.001577013,0.001336561,0.9975615
0,1050,0.001542667,0.001306514,0.9976341
0,1056,0.001509017,0.001277093,0.9977046
0,1062,0.00147605,0.001248285,0.9977733
0,1068,0.001443752,0.001220078,0.99784
0,1074,0.001412111,0.001192459,0.9979049
0,1080,0.001381113,0.001165419,0.997968
0,1086,0.001350746,0.001138944,0.9980293
0,1092,0.001321,0.001113024,0.9980889
0,1098,0.00129186,0.001087649,0.9981468
0,1104,0.001263317,0.001062808,0.998203
0,1110,0.001235359,0.001038491,0.9982576
0,1116,0.001207975,0.001014688,0.9983107
0,1122,0.001181154,0.0009913888,0.9983622
0,1128,0.001154886,0.0009685842,0.9984122
0,1134,0.001129161,0.0009462646,0.9984607
0,1140,0.001103968,0.000924421,0.9985079
0,1146,0.001079297,0.0009030444,0.9985536
0,1152,0.001055139,0.000882126,0.9985979
0,1158,0.001031485,0.0008616569,0.998641
0,1164,0.001008324,0.0008416288,0.9986827
0,1170,0.000985648,0.0008220333,0.9987233
0,1176,0.0009634479,0.0008028621,0.9987625
0,1182,0.0009417146,0.0007841071,0.9988006
0,1188,0.0009204393,0.0007657603,0.9988376
0,1194,0.0008996135,0.0007478139,0.9988734
0,1200,0.0008792288,0.0007302602,0.9989082
0,1206,0.0008592767,0.0007130915,0.9989418
0,1212,0.0008397491,0.0006963002,0.9989744
0,1218,0.0008206381,0.0006798793,0.999006
0,1224,0.0008019355,0.0006638213,0.9990367
0,1230,0.0007836337,0.0006481191,0.9990664
0,1236,0.0007657249,0.0006327659,0.9990951
0,1242,0.0007482017,0.0006177546,0.999123
0,1248,0.0007310567,0.0006030785,0.99915
0,1254,0.0007142824,0.000588731,0.9991761
0,1260,0.0006978718,0.0005747054,0.9992014
0,1266,0.0006818178,0.0005609954,0.9992259
0,1272,0.0006661133,0.0005475945,0.9992496
0,1278,0.0006507517,0.0005344966,0.9992726
0,1284,0.000635726,0.0005216955,0.9992949
0,1290,0.0006210298,0.0005091851,0.9993164
0,1296,0.0006066564,0.0004969594,0.9993373
0,1302,0.0005925993,0.0004850127,0.9993574
0,1308,0.0005788525,0.0004733392,0.999377
0,1314,0.0005654095,0.0004619332,0.9993958
0,1320,0.0005522643,0.0004507891,0.9994141
0,1326,0.0005394109,0.0004399015,0.9994318
0,1332,0.0005268433,0.0004292651,0.999449
0,1338,0.0005145558,0.0004188744,0.9994655
0,1344,0.0005025427,0.0004087244,0.9994815
0,1350,0.0004907983,0.00039881,0.999497
0,1356,0.0004793171,0.000389126,0.999512
0,1362,0.0004680937,0.0003796677,0.9995265
0,1368,0.0004571227,0.0003704302,0.9995405
0,1374,0.000446399,0.0003614087,0.999554
0,1380,0.0004359174,0.0003525987,0.9995672
0,1386,0.0004256728,0.0003439954,0.9995798
0,1392,0.0004156602,0.0003355944,0.9995921
0,1398,0.0004058749,0.0003273914,0.9996039
0,1404,0.000396312,0.0003193819,0.9996154
0,1410,0.0003869667,0.0003115618,0.9996265
0,1416,0.0003778345,0.0003039268,0.9996372
0,1422,0.0003689108,0.0002964729,0.9996475
0,1428,0.0003601913,0.0002891961,0.9996575
0,1434,0.0003516714,0.0002820924,0.9996672
0,1440,0.0003433471,0.000275158,0.9996765
0,1446,0.0003352139,0.0002683892,0.9996856
0,1452,0.0003272678,0.000261782,0.9996943
0,1458,0.0003195048,0.0002553331,0.9997027
0,1464,0.0003119209,0.0002490387,0.9997109
0,1470,0.0003045122,0.0002428955,0.9997187
0,1476,0.0002972749,0.0002368999,0.9997264
0,1482,0.0002902051,0.0002310487,0.9997337
0,1488,0.0002832994,0.0002253385,0.9997408
0,1494,0.000276554,0.0002197661,0.9997476
0,1500,0.0002699654,0.0002143284,0.9997543
0,1506,0.0002635301,0.0002090222,0.9997606
0,1512,0.0002572448,0.0002038446,0.9997668
0,1518,0.0002511062,0.0001987926,0.9997728
0,1524,0.0002451109,0.0001938632,0.9997786
0,1530,0.0002392558,0.0001890537,0.9997841
0,1536,0.0002335377,0.0001843613,0.9997895
0,1542,0.0002279536,0.0001797832,0.9997947
0,1548,0.0002225005,0.0001753167,0.9997997
0,1554,0.0002171755,0.0001709593,0.9998046
0,1560,0.0002119756,0.0001667084,0.9998092
0,1566,0.000206898,0.0001625616,0.9998137
0,1572,0.0002019401,0.0001585162,0.9998181
0,1578,0.0001970989,0.0001545701,0.9998223
0,1584,0.000192372,0.0001507207,0.9998264
0,1590,0.0001877567,0.000146966,0.9998303
0,1596,0.0001832505,0.0001433035,0.9998341
0,1602,0.0001788508,0.0001397311,0.9998378
0,1608,0.0001745553,0.0001362467,0.9998413
0,1614,0.0001703616,0.0001328481,0.9998447
0,1620,0.0001662673,0.0001295334,0.999848
0,1626,0.0001622702,0.0001263005,0.9998512
0,1632,0.000158368,0.0001231475,0.9998543
0,1638,0.0001545585,0.0001200724,0.9998572
0,1644,0.0001508397,0.0001170734,0.99986
0,1650,0.0001472093,0.0001141486,0.9998628
0,1656,0.0001436654,0.0001112963,0.9998655
0,1662,0.0001402059,0.0001085147,0.999868
0,1668,0.000136829,0.0001058021,0.9998705
0,1674,0.0001335326,0.0001031568,0.9998729
0,1680,0.0001303149,0.0001005773,0.9998752
0,1686,0.0001271741,9.806184E-05,0.9998775
0,1692,0.0001241084,9.560897E-05,0.9998797
0,1698,0.0001211162,9.321763E-05,0.9998817
0,1704,0.0001181962,9.088653E-05,0.9998837
0,1710,0.0001153466,8.861417E-05,0.9998857
0,1716,0.0001125657,8.639898E-05,0.9998875
0,1722,0.000109852,8.423948E-05,0.9998894
0,1728,0.0001072037,8.21342E-05,0.9998911
0,1734,0.0001046193,8.008175E-05,0.9998928
0,1740,0.0001020971,7.808073E-05,0.9998944
0,1746,9.963572E-05,7.612982E-05,0.999896
0,1752,9.723358E-05,7.422773E-05,0.9998976
0,1758,9.488926E-05,7.237322E-05,0.999899
0,1764,9.260135E-05,7.056505E-05,0.9999005
0,1770,9.036848E-05,6.880207E-05,0.9999018
0,1776,8.818931E-05,6.708311E-05,0.9999032
0,1782,8.606254E-05,6.540707E-05,0.9999045
0,1788,8.398692E-05,6.377288E-05,0.9999057
0,1794,8.19612E-05,6.217947E-05,0.9999069
0,1800,7.998417E-05,6.062583E-05,0.999908
0,1806,7.805465E-05,5.911093E-05,0.9999092
0,1812,7.617152E-05,5.763384E-05,0.9999102
0,1818,7.433364E-05,5.61936E-05,0.9999112
0,1824,7.253995E-05,5.478929E-05,0.9999123
0,1830,7.078938E-05,5.342003E-05,0.9999132
0,1836,6.908089E-05,5.208494E-05,0.9999142
0,1842,6.741349E-05,5.078316E-05,0.9999151
0,1848,6.57862E-05,4.95139E-05,0.999916
0,1854,6.419806E-05,4.827632E-05,0.9999168
0,1860,6.264811E-05,4.706964E-05,0.9999176
0,1866,6.113548E-05,4.589311E-05,0.9999183
0,1872,5.965924E-05,4.474596E-05,0.9999191
0,1878,5.821855E-05,4.362748E-05,0.9999198
0,1884,5.681255E-05,4.253696E-05,0.9999205
0,1890,5.544041E-05,4.14737E-05,0.9999212
0,1896,5.410133E-05,4.043702E-05,0.9999219
0,1902,5.279452E-05,3.942628E-05,0.9999225
0,1908,5.15192E-05,3.844082E-05,0.9999231
0,1914,5.027462E-05,3.748001E-05,0.9999236
0,1920,4.906005E-05,3.654324E-05,0.9999242
0,1926,4.787478E-05,3.562993E-05,0.9999248
0,1932,4.671812E-05,3.47395E-05,0.9999253
0,1938,4.558935E-05,3.387135E-05,0.9999258
0,1944,4.448781E-05,3.302494E-05,0.9999263
0,1950,4.341287E-05,3.219974E-05,0.9999267
0,1956,4.23639E-05,3.139522E-05,0.9999272
0,1962,4.134029E-05,3.061091E-05,0.9999276
0,1968,4.034142E-05,2.984625E-05,0.9999281
0,1974,3.936666E-05,2.910075E-05,0.9999285
0,1980,3.841548E-05,2.837397E-05,0.9999288
0,1986,3.748731E-05,2.766543E-05,0.9999292
0,1992,3.658161E-05,2.697469E-05,0.9999296
0,1998,3.569783E-05,2.63013E-05,0.99993
0,2004,3.483543E-05,2.564481E-05,0.9999303
0,2010,3.399391E-05,2.500481E-05,0.9999306
0,2016,3.317277E-05,2.438089E-05,0.9999309
0,2022,3.237151E-05,2.377264E-05,0.9999312
0,2028,3.158967E-05,2.317968E-05,0.9999315
0,2034,3.082676E-05,2.260163E-05,0.9999318
0,2040,3.008234E-05,2.20381E-05,0.9999321
0,2046,2.935595E-05,2.148873E-05,0.9999323
0,2052,2.864716E-05,2.095316E-05,0.9999325
0,2058,2.795554E-05,2.043104E-05,0.9999328
0,2064,2.728069E-05,1.992206E-05,0.999933
0,2070,2.662219E-05,1.942587E-05,0.9999332
0,2076,2.597965E-05,1.894214E-05,0.9999335
0,2082,2.535269E-05,1.847057E-05,0.9999337
0,2088,2.474092E-05,1.801085E-05,0.9999339
0,2094,2.414399E-05,1.756268E-05,0.9999341
0,2100,2.356153E-05,1.712578E-05,0.9999343
0,2106,2.299319E-05,1.669986E-05,0.9999344
0,2112,2.243864E-05,1.628464E-05,0.9999346
0,2118,2.189753E-05,1.587986E-05,0.9999348
0,2124,2.136955E-05,1.548526E-05,0.9999349
0,2130,2.085438E-05,1.510057E-05,0.9999351
0,2136,2.035171E-05,1.472555E-05,0.9999352
0,2142,1.986123E-05,1.435996E-05,0.9999354
0,2148,1.938265E-05,1.400355E-05,0.9999355
0,2154,1.891568E-05,1.36561E-05,0.9999356
0,2160,1.846004E-05,1.331738E-05,0.9999357
0,2166,1.801546E-05,1.298718E-05,0.9999359
0,2172,1.758166E-05,1.266526E-05,0.999936
0,2178,1.715838E-05,1.235144E-05,0.9999361
0,2184,1.674537E-05,1.204549E-05,0.9999362
0,2190,1.634238E-05,1.174722E-05,0.9999363
0,2196,1.594916E-05,1.145644E-05,0.9999365
0,2202,1.556549E-05,1.117296E-05,0.9999365
0,2208,1.519111E-05,1.08966E-05,0.9999366
0,2214,1.482582E-05,1.062717E-05,0.9999367
0,2220,1.446939E-05,1.036451E-05,0.9999368
0,2226,1.41216E-05,1.010843E-05,0.9999369
0,2232,1.378224E-05,9.858777E-06,0.999937
0,2238,1.345111E-05,9.615377E-06,0.9999371
0,2244,1.312801E-05,9.378074E-06,0.9999371
0,2250,1.281273E-05,9.146713E-06,0.9999372
0,2256,1.250508E-05,8.921142E-06,0.9999373
0,2262,1.220489E-05,8.701215E-06,0.9999374
0,2268,1.191197E-05,8.486791E-06,0.9999374
0,2274,1.162614E-05,8.277728E-06,0.9999375
0,2280,1.134723E-05,8.073893E-06,0.9999375
0,2286,1.107507E-05,7.875151E-06,0.9999376
0,2292,1.080949E-05,7.681376E-06,0.9999377
0,2298,1.055034E-05,7.49244E-06,0.9999377
0,2304,1.029746E-05,7.308222E-06,0.9999378
0,2310,1.005069E-05,7.128604E-06,0.9999378
0,2316,9.809892E-06,6.953469E-06,0.9999378
0,2322,9.574916E-06,6.782705E-06,0.9999379
0,2328,9.345624E-06,6.616204E-06,0.999938
0,2334,9.121874E-06,6.453855E-06,0.999938
0,2340,8.903534E-06,6.295556E-06,0.999938
0,2346,8.690473E-06,6.141206E-06,0.9999381
0,2352,8.482561E-06,5.990703E-06,0.9999381
0,2358,8.279676E-06,5.843954E-06,0.9999381
0,2364,8.081694E-06,5.700861E-06,0.9999382
0,2370,7.888496E-06,5.561334E-06,0.9999382
0,2376,7.699966E-06,5.425283E-06,0.9999382
0,2382,7.515991E-06,5.292621E-06,0.9999383
0,2388,7.336459E-06,5.163261E-06,0.9999383
0,2394,7.161264E-06,5.037121E-06,0.9999384
0,2400,6.9903E-06,4.91412E-06,0.9999384
0,2406,6.823464E-06,4.79418E-06,0.9999384
0,2412,6.660655E-06,4.677222E-06,0.9999384
0,2418,6.501777E-06,4.563173E-06,0.9999384
0,2424,6.346733E-06,4.451959E-06,0.9999385
0,2430,6.195431E-06,4.343508E-06,0.9999385
0,2436,6.047779E-06,4.237751E-06,0.9999385
0,2442,5.903688E-06,4.134621E-06,0.9999385
0,2448,5.763073E-06,4.03405E-06,0.9999385
0,2454,5.625849E-06,3.935976E-06,0.9999386
0,2460,5.491934E-06,3.840336E-06,0.9999386
0,2466,5.361246E-06,3.747066E-06,0.9999386
0,2472,5.233708E-06,3.656109E-06,0.9999387
0,2478,5.109243E-06,3.567407E-06,0.9999387
0,2484,4.987779E-06,3.480903E-06,0.9999387
0,2490,4.86924E-06,3.396542E-06,0.9999387
0,2496,4.753556E-06,3.31427E-06,0.9999387
0,2502,4.640658E-06,3.234034E-06,0.9999387
0,2508,4.530479E-06,3.155784E-06,0.9999387
0,2514,4.422953E-06,3.079469E-06,0.9999388
0,2520,4.318014E-06,3.005042E-06,0.9999388
0,2526,4.2156E-06,2.932454E-06,0.9999388
0,2532,4.11565E-06,2.86166E-06,0.9999388
0,2538,4.018104E-06,2.792614E-06,0.9999388
0,2544,3.922903E-06,2.725273E-06,0.9999388
0,2550,3.829992E-06,2.659594E-06,0.9999388
0,2556,3.739313E-06,2.595534E-06,0.9999388
0,2562,3.650813E-06,2.533053E-06,0.9999388
0,2568,3.564438E-06,2.472112E-06,0.9999388
0,2574,3.480137E-06,2.412673E-06,0.9999388
0,2580,3.39786E-06,2.354696E-06,0.9999389
0,2586,3.317558E-06,2.298147E-06,0.9999389
0,2592,3.239183E-06,2.242988E-06,0.9999389
0,2598,3.162688E-06,2.189186E-06,0.9999389
0,2604,3.088027E-06,2.136705E-06,0.9999389
0,2610,3.015156E-06,2.085515E-06,0.9999389
0,2616,2.944032E-06,2.035581E-06,0.9999389
0,2622,2.874612E-06,1.986872E-06,0.999939
0,2628,2.806855E-06,1.939359E-06,0.999939
0,2634,2.740721E-06,1.89301E-06,0.999939
0,2640,2.676171E-06,1.847798E-06,0.999939
0,2646,2.613166E-06,1.803693E-06,0.999939
0,2652,2.551668E-06,1.760668E-06,0.999939
0,2658,2.491642E-06,1.718696E-06,0.999939
0,2664,2.433051E-06,1.677751E-06,0.999939
0,2670,2.375862E-06,1.637808E-06,0.999939
0,2676,2.320042E-06,1.598842E-06,0.999939
0,2682,2.265556E-06,1.560829E-06,0.999939
0,2688,2.212372E-06,1.523744E-06,0.999939
0,2694,2.160459E-06,1.487565E-06,0.999939
0,2700,2.109785E-06,1.452268E-06,0.999939
0,2706,2.060321E-06,1.417832E-06,0.999939
0,2712,2.012036E-06,1.384234E-06,0.999939
0,2718,1.964903E-06,1.351454E-06,0.999939
0,2724,1.918892E-06,1.31947E-06,0.999939
0,2730,1.873981E-06,1.288268E-06,0.999939
0,2736,1.830145E-06,1.257828E-06,0.999939
0,2742,1.787354E-06,1.228129E-06,0.999939
0,2748,1.745584E-06,1.199151E-06,0.999939
0,2754,1.704808E-06,1.170878E-06,0.999939
0,2760,1.665002E-06,1.143291E-06,0.999939
0,2766,1.626143E-06,1.116372E-06,0.9999391
0,2772,1.588206E-06,1.090104E-06,0.9999391
0,2778,1.551169E-06,1.06447E-06,0.9999391
0,2784,1.515008E-06,1.039454E-06,0.9999391
0,2790,1.479703E-06,1.01504E-06,0.9999391
0,2796,1.445234E-06,9.912147E-07,0.9999391
0,2802,1.411585E-06,9.679658E-07,0.9999391
0,2808,1.378733E-06,9.452781E-07,0.9999391
0,2814,1.346661E-06,9.231384E-07,0.9999391
0,2820,1.315351E-06,9.015334E-07,0.9999391
0,2826,1.284782E-06,8.804492E-07,0.9999391
0,2832,1.254937E-06,8.59868E-07,0.9999391
0,2838,1.225794E-06,8.397716E-07,0.9999391
0,2844,1.197326E-06,8.201433E-07,0.9999391
0,2850,1.169521E-06,8.009757E-07,0.9999391
0,2856,1.142367E-06,7.822617E-07,0.9999391
0,2862,1.11585E-06,7.639917E-07,0.9999391
0,2868,1.089954E-06,7.461552E-07,0.9999391
0,2874,1.064667E-06,7.287437E-07,0.9999391
0,2880,1.039975E-06,7.117474E-07,0.9999391
0,2886,1.015863E-06,6.951565E-07,0.9999391
0,2892,9.923192E-07,6.789619E-07,0.9999391
0,2898,9.693292E-07,6.63154E-07,0.9999391
0,2904,9.468799E-07,6.477237E-07,0.9999391
0,2910,9.249596E-07,6.326624E-07,0.9999391
0,2916,9.03555E-07,6.179607E-07,0.9999391
0,2922,8.826563E-07,6.036117E-07,0.9999391
0,2928,8.622503E-07,5.896061E-07,0.9999391
0,2934,8.423245E-07,5.75935E-07,0.9999391
0,2940,8.228678E-07,5.625907E-07,0.9999391
0,2946,8.038718E-07,5.495669E-07,0.9999391
0,2952,7.853231E-07,5.368543E-07,0.9999391
0,2958,7.672099E-07,5.244445E-07,0.9999391
0,2964,7.495249E-07,5.123323E-07,0.9999391
0,2970,7.322574E-07,5.005101E-07,0.9999391
0,2976,7.153957E-07,4.889696E-07,0.9999391
0,2982,6.989301E-07,4.777038E-07,0.9999391
0,2988,6.828544E-07,4.667086E-07,0.9999391
0,2994,6.671569E-07,4.559754E-07,0.9999391
0,3000,6.518277E-07,4.454974E-07,0.9999391
0,3006,6.368596E-07,4.352693E-07,0.9999391
0,3012,6.222449E-07,4.252858E-07,0.9999391
0,3018,6.079733E-07,4.155395E-07,0.9999391
0,3024,5.940359E-07,4.060242E-07,0.9999391
0,3030,5.804282E-07,3.967367E-07,0.9999391
0,3036,5.671401E-07,3.876699E-07,0.9999391
0,3042,5.541633E-07,3.788179E-07,0.9999391
0,3048,5.414913E-07,3.701761E-07,0.9999391
0,3054,5.291193E-07,3.617412E-07,0.9999391
0,3060,5.170382E-07,3.535067E-07,0.9999391
0,3066,5.052405E-07,3.454674E-07,0.9999391
0,3072,4.93719E-07,3.376182E-07,0.9999391
0,3078,4.824661E-07,3.299537E-07,0.9999391
0,3084,4.714765E-07,3.224703E-07,0.9999391
0,3090,4.607473E-07,3.151659E-07,0.9999391
0,3096,4.502692E-07,3.080339E-07,0.9999391
0,3102,4.400358E-07,3.0107E-07,0.9999391
0,3108,4.300408E-07,2.942697E-07,0.9999391
0,3114,4.202782E-07,2.876287E-07,0.9999391
0,3120,4.107428E-07,2.811434E-07,0.9999391
0,3126,4.014314E-07,2.748117E-07,0.9999391
0,3132,3.92337E-07,2.686286E-07,0.9999391
0,3138,3.834543E-07,2.625904E-07,0.9999391
0,3144,3.747783E-07,2.566937E-07,0.9999391
0,3150,3.66304E-07,2.50935E-07,0.9999391
0,3156,3.580267E-07,2.453109E-07,0.9999391
0,3162,3.499418E-07,2.398183E-07,0.9999391
0,3168,3.420449E-07,2.344541E-07,0.9999391
0,3174,3.343314E-07,2.292153E-07,0.9999391
0,3180,3.267974E-07,2.240989E-07,0.9999391
0,3186,3.194387E-07,2.191022E-07,0.9999391
0,3192,3.122509E-07,2.14222E-07,0.9999391
0,3198,3.052272E-07,2.094536E-07,0.9999391
0,3204,2.983658E-07,2.047957E-07,0.9999391
0,3210,2.916629E-07,2.002459E-07,0.9999391
0,3216,2.85115E-07,1.958016E-07,0.9999391
0,3222,2.787187E-07,1.914604E-07,0.9999391
0,3228,2.724706E-07,1.872202E-07,0.9999391
0,3234,2.663676E-07,1.830787E-07,0.9999391
0,3240,2.604067E-07,1.79034E-07,0.9999391
0,3246,2.545851E-07,1.75084E-07,0.9999391
0,3252,2.488987E-07,1.712259E-07,0.9999391
0,3258,2.433375E-07,1.674526E-07,0.9999391
0,3264,2.379042E-07,1.637662E-07,0.9999391
0,3270,2.325961E-07,1.601647E-07,0.9999391
0,3276,2.274105E-07,1.566464E-07,0.9999391
0,3282,2.223446E-07,1.532093E-07,0.9999391
0,3288,2.173961E-07,1.49852E-07,0.9999391
0,3294,2.125626E-07,1.465727E-07,0.9999391
0,3300,2.078418E-07,1.433699E-07,0.9999391
0,3306,2.032316E-07,1.402422E-07,0.9999391
0,3312,1.987285E-07,1.371872E-07,0.9999391
0,3318,1.94323E-07,1.341979E-07,0.9999391
0,3324,1.900187E-07,1.312771E-07,0.9999391
0,3330,1.858132E-07,1.284234E-07,0.9999391
0,3336,1.817046E-07,1.256352E-07,0.9999391
0,3342,1.776906E-07,1.229111E-07,0.9999391
0,3348,1.737694E-07,1.202498E-07,0.9999391
0,3354,1.699389E-07,1.1765E-07,0.9999391
0,3360,1.661973E-07,1.151104E-07,0.9999391
0,3366,1.62543E-07,1.126298E-07,0.9999391
0,3372,1.589731E-07,1.102064E-07,0.9999391
0,3378,1.55481E-07,1.078354E-07,0.9999391
0,3384,1.520688E-07,1.055184E-07,0.9999391
0,3390,1.487347E-07,1.032541E-07,0.9999391
0,3396,1.454769E-07,1.010414E-07,0.9999391
0,3402,1.422937E-07,9.887916E-08,0.9999391
0,3408,1.391835E-07,9.676622E-08,0.9999391
0,3414,1.361447E-07,9.470153E-08,0.9999391
0,3420,1.331758E-07,9.268403E-08,0.9999391
0,3426,1.302753E-07,9.071276E-08,0.9999391
0,3432,1.274412E-07,8.878637E-08,0.9999391
0,3438,1.246694E-07,8.690187E-08,0.9999391
0,3444,1.219606E-07,8.505987E-08,0.9999391
0,3450,1.193133E-07,8.325937E-08,0.9999391
0,3456,1.167261E-07,8.149944E-08,0.9999391
0,3462,1.141977E-07,7.977916E-08,0.9999391
0,3468,1.117267E-07,7.809763E-08,0.9999391
0,3474,1.09312E-07,7.6454E-08,0.9999391
0,3480,1.069522E-07,7.484745E-08,0.9999391
0,3486,1.046463E-07,7.327719E-08,0.9999391
0,3492,1.023927E-07,7.174221E-08,0.9999391
0,3498,1.001884E-07,7.024047E-08,0.9999391
0,3504,9.803381E-08,6.877218E-08,0.9999391
0,3510,9.592775E-08,6.733661E-08,0.9999391
0,3516,9.386912E-08,6.5933E-08,0.9999391
0,3522,9.185688E-08,6.456064E-08,0.9999391
0,3528,8.989E-08,6.321886E-08,0.9999391
0,3534,8.796751E-08,6.190698E-08,0.9999391
0,3540,8.608846E-08,6.062438E-08,0.9999391
0,3546,8.425195E-08,5.937045E-08,0.9999391
0,3552,8.24568E-08,5.814438E-08,0.9999391
0,3558,8.070053E-08,5.694447E-08,0.9999391
0,3564,7.898352E-08,5.5771E-08,0.9999391
0,3570,7.730488E-08,5.462338E-08,0.9999391
0,3576,7.566376E-08,5.350105E-08,0.9999391
0,3582,7.405935E-08,5.240344E-08,0.9999391
0,3588,7.249086E-08,5.133004E-08,0.9999391
0,3594,7.095754E-08,5.028033E-08,0.9999391
0,3600,6.945866E-08,4.925383E-08,0.9999391
0,3606,6.79935E-08,4.825007E-08,0.9999391
0,3612,6.656115E-08,4.726841E-08,0.9999391
0,3618,6.515943E-08,4.630736E-08,0.9999391
0,3624,6.37888E-08,4.536727E-08,0.9999391
0,3630,6.244859E-08,4.444766E-08,0.9999391
0,3636,6.113813E-08,4.354811E-08,0.9999391
0,3642,5.985677E-08,4.266818E-08,0.9999391
0,3648,5.86039E-08,4.180745E-08,0.9999391
0,3654,5.737893E-08,4.096553E-08,0.9999391
0,3660,5.618127E-08,4.014204E-08,0.9999391
0,3666,5.501039E-08,3.933662E-08,0.9999391
0,3672,5.386553E-08,3.854873E-08,0.9999391
0,3678,5.274494E-08,3.77772E-08,0.9999391
0,3684,5.164904E-08,3.702231E-08,0.9999391
0,3690,5.057726E-08,3.62837E-08,0.9999391
0,3696,4.952908E-08,3.556102E-08,0.9999391
0,3702,4.850401E-08,3.485392E-08,0.9999391
0,3708,4.750153E-08,3.416207E-08,0.9999391
0,3714,4.652119E-08,3.348517E-08,0.9999391
0,3720,4.556253E-08,3.282291E-08,0.9999391
0,3726,4.46251E-08,3.217499E-08,0.9999391
0,3732,4.370833E-08,3.154102E-08,0.9999391
0,3738,4.281088E-08,3.092008E-08,0.9999391
0,3744,4.193302E-08,3.031239E-08,0.9999391
0,3750,4.107433E-08,2.971764E-08,0.9999391
0,3756,4.023438E-08,2.913555E-08,0.9999391
0,3762,3.941277E-08,2.856587E-08,0.9999391
0,3768,3.86091E-08,2.800832E-08,0.9999391
0,3774,3.782301E-08,2.746265E-08,0.9999391
0,3780,3.705413E-08,2.692862E-08,0.9999391
0,3786,3.63021E-08,2.640599E-08,0.9999391
0,3792,3.556648E-08,2.589447E-08,0.9999391
0,3798,3.484626E-08,2.539336E-08,0.9999391
0,3804,3.414161E-08,2.49028E-08,0.9999391
0,3810,3.345219E-08,2.442256E-08,0.9999391
0,3816,3.277767E-08,2.39524E-08,0.9999391
0,3822,3.211774E-08,2.349212E-08,0.9999391
0,3828,3.147207E-08,2.304152E-08,0.9999391
0,3834,3.084038E-08,2.260038E-08,0.9999391
0,3840,3.022236E-08,2.216852E-08,0.9999391
0,3846,2.961776E-08,2.174576E-08,0.9999391
0,3852,2.90262E-08,2.133184E-08,0.9999391
0,3858,2.844692E-08,2.092626E-08,0.9999391
0,3864,2.788003E-08,2.052909E-08,0.9999391
0,3870,2.732526E-08,2.014016E-08,0.9999391
0,3876,2.678236E-08,1.975928E-08,0.9999391
0,3882,2.625107E-08,1.93863E-08,0.9999391
0,3888,2.573115E-08,1.902104E-08,0.9999391
0,3894,2.522236E-08,1.866335E-08,0.9999391
0,3900,2.472447E-08,1.831308E-08,0.9999391
0,3906,2.423728E-08,1.797008E-08,0.9999391
0,3912,2.376048E-08,1.763416E-08,0.9999391
0,3918,2.329346E-08,1.73049E-08,0.9999391
0,3924,2.283632E-08,1.698237E-08,0.9999391
0,3930,2.238886E-08,1.666644E-08,0.9999391
0,3936,2.195086E-08,1.635696E-08,0.9999391
0,3942,2.152213E-08,1.60538E-08,0.9999391
0,3948,2.110247E-08,1.575683E-08,0.9999391
0,3954,2.069169E-08,1.546592E-08,0.9999391
0,3960,2.028962E-08,1.518096E-08,0.9999391
0,3966,1.989609E-08,1.490183E-08,0.9999391
0,3972,1.951086E-08,1.462837E-08,0.9999391
0,3978,1.913344E-08,1.436026E-08,0.9999391
0,3984,1.876392E-08,1.409755E-08,0.9999391
0,3990,1.840213E-08,1.384013E-08,0.9999391
0,3996,1.80479E-08,1.358789E-08,0.9999391
0,4002,1.770107E-08,1.334072E-08,0.9999391
0,4008,1.73615E-08,1.309852E-08,0.9999391
0,4014,1.702903E-08,1.286119E-08,0.9999391
0,4020,1.670353E-08,1.262864E-08,0.9999391
0,4026,1.638485E-08,1.240078E-08,0.9999391
0,4032,1.607282E-08,1.217747E-08,0.9999391
0,4038,1.576704E-08,1.195847E-08,0.9999391
0,4044,1.546758E-08,1.174381E-08,0.9999391
0,4050,1.51743E-08,1.15334E-08,0.9999391
0,4056,1.488708E-08,1.132716E-08,0.9999391
0,4062,1.460579E-08,1.1125E-08,0.9999391
0,4068,1.433031E-08,1.092685E-08,0.9999391
0,4074,1.406052E-08,1.073261E-08,0.9999391
0,4080,1.37963E-08,1.054222E-08,0.9999391
0,4086,1.353755E-08,1.03556E-08,0.9999391
0,4092,1.328413E-08,1.017266E-08,0.9999391
0,4098,1.303573E-08,9.993187E-09,0.9999391
0,4104,1.279239E-08,9.817216E-09,0.9999391
0,4110,1.255401E-08,9.644677E-09,0.9999391
0,4116,1.232049E-08,9.475498E-09,0.9999391
0,4122,1.209173E-08,9.309613E-09,0.9999391
0,4128,1.186762E-08,9.146954E-09,0.9999391
0,4134,1.164809E-08,8.987461E-09,0.9999391
0,4140,1.143302E-08,8.831072E-09,0.9999391
0,4146,1.122235E-08,8.677728E-09,0.9999391
0,4152,1.101595E-08,8.527352E-09,0.9999391
0,4158,1.081359E-08,8.379784E-09,0.9999391
0,4164,1.061529E-08,8.235047E-09,0.9999391
0,4170,1.042098E-08,8.093084E-09,0.9999391
0,4176,1.023058E-08,7.953838E-09,0.9999391
0,4182,1.0044E-08,7.817258E-09,0.9999391
0,4188,9.861163E-09,7.683288E-09,0.9999391
0,4194,9.681999E-09,7.551879E-09,0.9999391
0,4200,9.506436E-09,7.422984E-09,0.9999391
0,4206,9.334402E-09,7.296553E-09,0.9999391
0,4212,9.165808E-09,7.172528E-09,0.9999391
0,4218,9.000464E-09,7.05078E-09,0.9999391
0,4224,8.838398E-09,6.931326E-09,0.9999391
0,4230,8.679542E-09,6.814122E-09,0.9999391
0,4236,8.523829E-09,6.699122E-09,0.9999391
0,4242,8.371196E-09,6.586283E-09,0.9999391
0,4248,8.221583E-09,6.475564E-09,0.9999391
0,4254,8.074929E-09,6.366923E-09,0.9999391
0,4260,7.931177E-09,6.260323E-09,0.9999391
0,4266,7.790271E-09,6.155725E-09,0.9999391
0,4272,7.652139E-09,6.053081E-09,0.9999391
0,4278,7.516632E-09,5.952288E-09,0.9999391
0,4284,7.383769E-09,5.853362E-09,0.9999391
0,4290,7.253497E-09,5.756265E-09,0.9999391
0,4296,7.125764E-09,5.660961E-09,0.9999391
0,4302,7.000518E-09,5.567416E-09,0.9999391
0,4308,6.877711E-09,5.475596E-09,0.9999391
0,4314,6.757295E-09,5.385469E-09,0.9999391
0,4320,6.639224E-09,5.297003E-09,0.9999391
0,4326,6.523453E-09,5.210167E-09,0.9999391
0,4332,6.409926E-09,5.124924E-09,0.9999391
0,4338,6.298522E-09,5.041193E-09,0.9999391
0,4344,6.189258E-09,4.958983E-09,0.9999391
0,4350,6.08209E-09,4.878265E-09,0.9999391
0,4356,5.976978E-09,4.799011E-09,0.9999391
0,4362,5.873879E-09,4.721192E-09,0.9999391
0,4368,5.772755E-09,4.644781E-09,0.9999391
0,4374,5.673567E-09,4.569753E-09,0.9999391
0,4380,5.576279E-09,4.496082E-09,0.9999391
0,4386,5.480855E-09,4.423743E-09,0.9999391
0,4392,5.387249E-09,4.352706E-09,0.9999391
0,4398,5.295367E-09,4.282906E-09,0.9999391
0,4404,5.20522E-09,4.214351E-09,0.9999391
0,4410,5.116774E-09,4.147017E-09,0.9999391
0,4416,5.029996E-09,4.080881E-09,0.9999391
0,4422,4.944852E-09,4.01592E-09,0.9999391
0,4428,4.861311E-09,3.952113E-09,0.9999391
0,4434,4.779343E-09,3.889438E-09,0.9999391
0,4440,4.698918E-09,3.827875E-09,0.9999391
0,4446,0.5369662,0.3976226,0.9999391
0,4452,0.2472764,0.1938487,0.9999391
0,4458,0.1663533,0.1416367,0.9999391
0,4464,0.1395303,0.1225107,0.9999391
0,4470,0.1262556,0.1118532,0.9999391
0,4476,0.1168877,0.1038512,0.9999391
0,4482,0.1090219,0.09698925,0.9999391
0,4488,0.1020033,0.09082863,0.9999391
0,4494,0.09561808,0.08521358,0.9999391
0,4500,0.08977062,0.08006749,0.9999391
0,4506,0.08440268,0.07534012,0.9999391
0,4512,0.079467,0.07098997,0.9999391
0,4518,0.07492313,0.06698129,0.9999391
0,4524,0.07073597,0.06328294,0.9999391
0,4530,0.06687322,0.05986654,0.9999391
0,4536,0.06330527,0.05670626,0.9999391
0,4542,0.06000581,0.05377914,0.9999391
0,4548,0.05695087,0.05106436,0.9999391
0,4554,0.05411862,0.04854304,0.9999391
0,4560,0.05148939,0.04619819,0.9999391
0,4566,0.04904538,0.04401447,0.9999391
0,4572,0.04677045,0.04197797,0.9999391
0,4578,0.04464997,0.04007614,0.9999391
0,4584,0.0426707,0.03829758,0.9999391
0,4590,0.04082059,0.036632,0.9999391
0,4596,0.03908878,0.03507004,0.9999391
0,4602,0.03746539,0.03360325,0.9999391
0,4608,0.03594146,0.03222392,0.9999391
0,4614,0.03450887,0.0309251,0.9999391
0,4620,0.03316022,0.02970042,0.9999391
0,4626,0.03188888,0.02854422,0.9999391
0,4632,0.03068877,0.02745122,0.9999391
0,4638,0.02955439,0.02641672,0.9999391
0,4644,0.0284807,0.02543635,0.9999391
0,4650,0.02746313,0.02450619,0.9999391
0,4656,0.02649749,0.0236226,0.9999391
0,4662,0.02558001,0.02278231,0.9999391
0,4668,0.02470722,0.02198232,0.9999391
0,4674,0.02387599,0.02121991,0.9999391
0,4680,0.02308345,0.02049257,0.9999391
0,4686,0.02232699,0.01979801,0.9999391
0,4692,0.02160423,0.01913418,0.9999391
0,4698,0.02091298,0.01849912,0.9999391
0,4704,0.02025117,0.01789104,0.9999391
0,4710,0.0196171,0.01730841,0.9999391
0,4716,0.019009,0.01674967,0.9999391
0,4722,0.01842521,0.01621337,0.9999391
0,4728,0.01786435,0.01569827,0.9999391
0,4734,0.0173251,0.01520318,0.9999391
0,4740,0.01680623,0.01472701,0.9999391
0,4746,0.01630666,0.01426879,0.9999391
0,4752,0.0158254,0.01382762,0.9999391
0,4758,0.01536147,0.01340261,0.9999391
0,4764,0.01491401,0.012993,0.9999391
0,4770,0.01448222,0.01259803,0.9999391
0,4776,0.0140653,0.01221699,0.9999391
0,4782,0.01366259,0.01184928,0.9999391
0,4788,0.01327345,0.01149429,0.9999391
0,4794,0.0128972,0.01115141,0.9999391
0,4800,0.01253318,0.01082003,0.9999391
0,4806,0.01218095,0.01049974,0.9999391
0,4812,0.01183994,0.01019001,0.9999391
0,4818,0.01150968,0.009890403,0.9999391
0,4824,0.01118975,0.009600523,0.9999391
0,4830,0.01087977,0.009320012,0.9999391
0,4836,0.01057932,0.009048479,0.9999391
0,4842,0.01028807,0.008785602,0.9999391
0,4848,0.01000567,0.008531057,0.9999391
0,4854,0.009731788,0.00828452,0.9999391
0,4860,0.009466088,0.008045685,0.9999391
0,4866,0.009208293,0.00781428,0.9999391
0,4872,0.008958094,0.007590014,0.9999391
0,4878,0.008715222,0.007372631,0.9999391
0,4884,0.008479428,0.007161892,0.9999391
0,4890,0.008250466,0.006957561,0.9999391
0,4896,0.008028104,0.006759417,0.9999391
0,4902,0.007812131,0.006567255,0.9999391
0,4908,0.007602321,0.006380859,0.9999391
0,4914,0.007398472,0.006200035,0.9999391
0,4920,0.007200405,0.006024609,0.9999391
0,4926,0.007007955,0.005854421,0.9999391
0,4932,0.006820904,0.005689264,0.9999391
0,4938,0.006639091,0.005528981,0.9999391
0,4944,0.006462377,0.005373436,0.9999391
0,4950,0.006290619,0.005222491,0.9999391
0,4956,0.006123623,0.005075961,0.9999391
0,4962,0.005961257,0.004933719,0.9999391
0,4968,0.005803396,0.004795641,0.9999391
0,4974,0.005649913,0.004661605,0.9999391
0,4980,0.005500646,0.004531458,0.9999391
0,4986,0.005355482,0.004405089,0.9999391
0,4992,0.005214306,0.004282387,0.9999391
0,4998,0.005077001,0.004163241,0.9999391
0,5004,0.004943439,0.004047527,0.9999391
0,5010,0.00481352,0.003935148,0.9999391
0,5016,0.004687138,0.003826004,0.9999391
0,5022,0.004564192,0.003719998,0.9999391
0,5028,0.004444575,0.003617026,0.9999391
0,5034,0.004328197,0.003517002,0.9999391
0,5040,0.004214968,0.003419839,0.9999391
0,5046,0.004104797,0.003325453,0.9999391
0,5052,0.003997591,0.003233753,0.9999391
0,5058,0.003893272,0.003144665,0.9999391
0,5064,0.003791759,0.003058112,0.9999391
0,5070,0.003692976,0.002974021,0.9999391
0,5076,0.003596837,0.002892311,0.9999391
0,5082,0.003503276,0.002812917,0.9999391
0,5088,0.00341222,0.002735773,0.9999391
0,5094,0.0033236,0.002660812,0.9999391
0,5100,0.003237344,0.002587966,0.9999391
0,5106,0.003153389,0.002517176,0.9999391
0,5112,0.003071673,0.002448383,0.9999391
0,5118,0.002992134,0.002381527,0.9999391
0,5124,0.002914708,0.002316551,0.9999391
0,5130,0.002839339,0.002253401,0.9999391
0,5136,0.002765973,0.002192025,0.9999391
0,5142,0.002694552,0.00213237,0.9999391
0,5148,0.002625022,0.002074386,0.9999391
0,5154,0.002557333,0.002018026,0.9999391
0,5160,0.002491436,0.001963242,0.9999391
0,5166,0.002427279,0.00190999,0.9999391
0,5172,0.002364816,0.001858223,0.9999391
0,5178,0.002304001,0.0018079,0.9999391
0,5184,0.00224479,0.001758981,0.9999391
0,5190,0.002187137,0.001711423,0.9999391
0,5196,0.002131002,0.001665188,0.9999391
0,5202,0.002076342,0.001620237,0.9999391
0,5208,0.00202312,0.001576537,0.9999391
0,5214,0.001971295,0.001534048,0.9999391
0,5220,0.001920829,0.001492736,0.9999391
0,5226,0.001871686,0.001452569,0.9999391
0,5232,0.001823831,0.001413515,0.9999391
0,5238,0.001777228,0.00137554,0.9999391
0,5244,0.001731844,0.001338614,0.9999391
0,5250,0.001687646,0.001302707,0.9999391
0,5256,0.001644604,0.001267792,0.9999391
0,5262,0.001602683,0.001233838,0.9999391
0,5268,0.001561856,0.00120082,0.9999391
0,5274,0.001522094,0.001168709,0.9999391
0,5280,0.001483367,0.001137483,0.9999391
0,5286,0.001445648,0.001107113,0.9999391
0,5292,0.001408909,0.001077577,0.9999391
0,5298,0.001373125,0.001048852,0.9999391
0,5304,0.001338272,0.001020914,0.9999391
0,5310,0.001304322,0.0009937403,0.9999391
0,5316,0.001271252,0.00096731,0.9999391
0,5322,0.00123904,0.0009416027,0.9999391
0,5328,0.001207663,0.0009165981,0.9999391
0,5334,0.001177097,0.0008922752,0.9999391
0,5340,0.001147321,0.0008686157,0.9999391
0,5346,0.001118316,0.0008456012,0.9999391
0,5352,0.00109006,0.0008232138,0.9999391
0,5358,0.001062533,0.0008014348,0.9999391
0,5364,0.001035716,0.000780248,0.9999391
0,5370,0.001009591,0.000759637,0.9999391
0,5376,0.0009841385,0.0007395857,0.9999391
0,5382,0.0009593412,0.0007200777,0.9999391
0,5388,0.0009351821,0.0007010985,0.9999391
0,5394,0.0009116445,0.0006826334,0.9999391
0,5400,0.0008887118,0.0006646682,0.9999391
0,5406,0.0008663677,0.0006471882,0.9999391
0,5412,0.0008445971,0.0006301806,0.9999391
0,5418,0.0008233852,0.0006136323,0.9999391
0,5424,0.0008027171,0.0005975305,0.9999391
0,5430,0.000782578,0.0005818623,0.9999391
0,5436,0.0007629546,0.0005666161,0.9999391
0,5442,0.0007438336,0.0005517806,0.9999391
0,5448,0.0007252013,0.0005373437,0.9999391
0,5454,0.0007070447,0.0005232943,0.9999391
0,5460,0.0006893516,0.000509622,0.9999391
0,5466,0.00067211,0.0004963164,0.9999391
0,5472,0.0006553084,0.0004833676,0.9999391
0,5478,0.0006389355,0.0004707661,0.9999391
0,5484,0.0006229793,0.0004585015,0.9999391
0,5490,0.0006074288,0.0004465643,0.9999391
0,5496,0.0005922739,0.000434946,0.9999391
0,5502,0.0005775045,0.0004236382,0.9999391
0,5508,0.0005631109,0.0004126324,0.9999391
0,5514,0.0005490836,0.0004019207,0.9999391
0,5520,0.0005354121,0.000391494,0.9999391
0,5526,0.0005220872,0.0003813448,0.9999391
0,5532,0.0005091004,0.0003714657,0.9999391
0,5538,0.000496443,0.0003618494,0.9999391
0,5544,0.0004841064,0.0003524889,0.9999391
0,5550,0.0004720826,0.0003433772,0.9999391
0,5556,0.000460363,0.0003345072,0.9999391
0,5562,0.0004489399,0.0003258725,0.9999391
0,5568,0.0004378057,0.0003174666,0.9999391
0,5574,0.0004269529,0.0003092834,0.9999391
0,5580,0.0004163741,0.0003013165,0.9999391
0,5586,0.0004060621,0.0002935601,0.9999391
0,5592,0.0003960105,0.0002860088,0.9999391
0,5598,0.0003862124,0.000278657,0.9999391
0,5604,0.0003766611,0.000271499,0.9999391
0,5610,0.0003673503,0.0002645295,0.9999391
0,5616,0.0003582736,0.0002577434,0.9999391
0,5622,0.0003494249,0.0002511356,0.9999391
0,5628,0.0003407989,0.0002447018,0.9999391
0,5634,0.0003323896,0.000238437,0.9999391
0,5640,0.0003241915,0.0002323366,0.9999391
0,5646,0.0003161989,0.0002263962,0.9999391
0,5652,0.0003084068,0.0002206113,0.9999391
0,5658,0.0003008099,0.0002149779,0.9999391
0,5664,0.0002934034,0.000209492,0.9999391
0,5670,0.0002861824,0.0002041496,0.9999391
0,5676,0.0002791421,0.0001989468,0.9999391
0,5682,0.0002722779,0.0001938798,0.9999391
0,5688,0.0002655854,0.0001889451,0.9999391
0,5694,0.0002590601,0.0001841391,0.9999391
0,5700,0.0002526979,0.0001794584,0.9999391
0,5706,0.0002464945,0.0001748996,0.9999391
0,5712,0.000240446,0.0001704595,0.9999391
0,5718,0.0002345484,0.0001661349,0.9999391
0,5724,0.0002287978,0.0001619227,0.9999391
0,5730,0.0002231905,0.0001578199,0.9999391
0,5736,0.0002177233,0.000153824,0.9999391
0,5742,0.0002123923,0.0001499318,0.9999391
0,5748,0.0002071941,0.0001461407,0.9999391
0,5754,0.0002021253,0.0001424478,0.9999391
0,5760,0.0001971826,0.0001388506,0.9999391
0,5766,0.0001923628,0.0001353466,0.9999391
0,5772,0.0001876627,0.000131933,0.9999391
0,5778,0.0001830792,0.0001286076,0.9999391
0,5784,0.0001786091,0.0001253677,0.9999391
0,5790,0.0001742497,0.0001222112,0.9999391
0,5796,0.0001699989,0.0001191366,0.9999391
0,5802,0.0001658534,0.0001161411,0.9999391
0,5808,0.0001618104,0.0001132227,0.9999391
0,5814,0.0001578675,0.0001103792,0.9999391
0,5820,0.000154022,0.0001076087,0.9999391
0,5826,0.0001502714,0.0001049092,0.9999391
0,5832,0.0001466134,0.0001022789,0.9999391
0,5838,0.0001430459,9.971614E-05,0.9999391
0,5844,0.0001395665,9.721902E-05,0.9999391
0,5850,0.0001361729,9.478583E-05,0.9999391
0,5856,0.000132863,9.24149E-05,0.9999391
0,5862,0.0001296347,9.010462E-05,0.9999391
0,5868,0.0001264861,8.785345E-05,0.9999391
0,5874,0.000123415,8.565973E-05,0.9999391
0,5880,0.0001204195,8.352201E-05,0.9999391
0,5886,0.0001174978,8.143885E-05,0.9999391
0,5892,0.000114648,7.940884E-05,0.9999391
0,5898,0.0001118684,7.743061E-05,0.9999391
0,5904,0.0001091572,7.550282E-05,0.9999391
0,5910,0.0001065127,7.362416E-05,0.9999391
0,5916,0.0001039332,7.179331E-05,0.9999391
0,5922,0.0001014171,7.000907E-05,0.9999391
0,5928,9.896288E-05,6.827019E-05,0.9999391
0,5934,9.656889E-05,6.657551E-05,0.9999391
0,5940,9.423365E-05,6.492384E-05,0.9999391
0,5946,9.195566E-05,6.331405E-05,0.9999391
0,5952,8.973353E-05,6.174507E-05,0.9999391
0,5958,8.756599E-05,6.021597E-05,0.9999391
0,5964,8.545157E-05,5.87256E-05,0.9999391
0,5970,8.338894E-05,5.727295E-05,0.9999391
0,5976,8.137677E-05,5.585701E-05,0.9999391
0,5982,7.94138E-05,5.447683E-05,0.9999391
0,5988,7.749878E-05,5.313143E-05,0.9999391
0,5994,7.56306E-05,5.182001E-05,0.9999391
0,6000,7.380814E-05,5.054174E-05,0.9999391
0,6006,7.20302E-05,4.929568E-05,0.9999391
0,6012,7.029565E-05,4.808099E-05,0.9999391
0,6018,6.860343E-05,4.689687E-05,0.9999391
0,6024,6.695245E-05,4.574251E-05,0.9999391
0,6030,6.534171E-05,4.461714E-05,0.9999391
0,6036,6.377026E-05,4.352007E-05,0.9999391
0,6042,6.223712E-05,4.245055E-05,0.9999391
0,6048,6.074131E-05,4.140787E-05,0.9999391
0,6054,5.928193E-05,4.039135E-05,0.9999391
0,6060,5.785808E-05,3.940031E-05,0.9999391
0,6066,5.646887E-05,3.84341E-05,0.9999391
0,6072,5.511347E-05,3.74921E-05,0.9999391
0,6078,5.379102E-05,3.657367E-05,0.9999391
0,6084,5.250073E-05,3.567821E-05,0.9999391
0,6090,5.124181E-05,3.480516E-05,0.9999391
0,6096,5.001347E-05,3.395392E-05,0.9999391
0,6102,4.881497E-05,3.312395E-05,0.9999391
0,6108,4.764557E-05,3.23147E-05,0.9999391
0,6114,4.650457E-05,3.152566E-05,0.9999391
0,6120,4.539131E-05,3.075634E-05,0.9999391
0,6126,4.430507E-05,3.00062E-05,0.9999391
0,6132,4.324519E-05,2.927478E-05,0.9999391
0,6138,4.221102E-05,2.856158E-05,0.9999391
0,6144,4.120192E-05,2.786614E-05,0.9999391
0,6150,4.021726E-05,2.718799E-05,0.9999391
0,6156,3.925644E-05,2.652669E-05,0.9999391
0,6162,3.831885E-05,2.588179E-05,0.9999391
0,6168,3.74039E-05,2.525287E-05,0.9999391
0,6174,3.651113E-05,2.463959E-05,0.9999391
0,6180,3.564013E-05,2.404168E-05,0.9999391
0,6186,3.479022E-05,2.345862E-05,0.9999391
0,6192,3.396087E-05,2.289002E-05,0.9999391
0,6198,3.315156E-05,2.233551E-05,0.9999391
0,6204,3.23618E-05,2.179472E-05,0.9999391
0,6210,3.159108E-05,2.126729E-05,0.9999391
0,6216,3.083892E-05,2.075285E-05,0.9999391
0,6222,3.010484E-05,2.025107E-05,0.9999391
0,6228,2.938837E-05,1.976159E-05,0.9999391
0,6234,2.868912E-05,1.928416E-05,0.9999391
0,6240,2.800681E-05,1.881856E-05,0.9999391
0,6246,2.73409E-05,1.836442E-05,0.9999391
0,6252,2.669099E-05,1.792143E-05,0.9999391
0,6258,2.60567E-05,1.748933E-05,0.9999391
0,6264,2.543765E-05,1.706783E-05,0.9999391
0,6270,2.483346E-05,1.665668E-05,0.9999391
0,6276,2.424378E-05,1.625561E-05,0.9999391
0,6282,2.366824E-05,1.586437E-05,0.9999391
0,6288,2.310653E-05,1.548273E-05,0.9999391
0,6294,2.25583E-05,1.511044E-05,0.9999391
0,6300,2.202325E-05,1.474729E-05,0.9999391
0,6306,2.150105E-05,1.439306E-05,0.9999391
0,6312,2.099142E-05,1.404753E-05,0.9999391
0,6318,2.049402E-05,1.371047E-05,0.9999391
0,6324,2.000854E-05,1.338164E-05,0.9999391
0,6330,1.953471E-05,1.306087E-05,0.9999391
0,6336,1.907225E-05,1.274796E-05,0.9999391
0,6342,1.862089E-05,1.244271E-05,0.9999391
0,6348,1.818037E-05,1.214493E-05,0.9999391
0,6354,1.775041E-05,1.185443E-05,0.9999391
0,6360,1.733077E-05,1.157105E-05,0.9999391
0,6366,1.692119E-05,1.12946E-05,0.9999391
0,6372,1.652144E-05,1.10249E-05,0.9999391
0,6378,1.613126E-05,1.076178E-05,0.9999391
0,6384,1.575041E-05,1.050508E-05,0.9999391
0,6390,1.537867E-05,1.025463E-05,0.9999391
0,6396,1.501581E-05,1.001026E-05,0.9999391
0,6402,1.466162E-05,9.771843E-06,0.9999391
0,6408,1.431594E-05,9.539252E-06,0.9999391
0,6414,1.39785E-05,9.312314E-06,0.9999391
0,6420,1.364913E-05,9.090888E-06,0.9999391
0,6426,1.332761E-05,8.874832E-06,0.9999391
0,6432,1.301375E-05,8.66401E-06,0.9999391
0,6438,1.270737E-05,8.458286E-06,0.9999391
0,6444,1.240829E-05,8.25755E-06,0.9999391
0,6450,1.211635E-05,8.061686E-06,0.9999391
0,6456,1.183137E-05,7.870561E-06,0.9999391
0,6462,1.155317E-05,7.684059E-06,0.9999391
0,6468,1.128159E-05,7.502066E-06,0.9999391
0,6474,1.101648E-05,7.324473E-06,0.9999391
0,6480,1.075768E-05,7.151171E-06,0.9999391
0,6486,1.050504E-05,6.982053E-06,0.9999391
0,6492,1.02584E-05,6.817015E-06,0.9999391
0,6498,1.001763E-05,6.655961E-06,0.9999391
0,6504,9.782591E-06,6.498793E-06,0.9999391
0,6510,9.553139E-06,6.345417E-06,0.9999391
0,6516,9.329144E-06,6.195743E-06,0.9999391
0,6522,9.110478E-06,6.049681E-06,0.9999391
0,6528,8.897006E-06,5.907137E-06,0.9999391
0,6534,8.688606E-06,5.768024E-06,0.9999391
0,6540,8.485156E-06,5.632262E-06,0.9999391
0,6546,8.28654E-06,5.499769E-06,0.9999391
0,6552,8.092639E-06,5.370463E-06,0.9999391
0,6558,7.903342E-06,5.244266E-06,0.9999391
0,6564,7.718534E-06,5.121102E-06,0.9999391
0,6570,7.538115E-06,5.0009E-06,0.9999391
0,6576,7.361979E-06,4.883588E-06,0.9999391
0,6582,7.19002E-06,4.769092E-06,0.9999391
0,6588,7.022137E-06,4.657343E-06,0.9999391
0,6594,6.85823E-06,4.548272E-06,0.9999391
0,6600,6.698201E-06,4.441811E-06,0.9999391
0,6606,6.541956E-06,4.337895E-06,0.9999391
0,6612,6.389415E-06,4.236471E-06,0.9999391
0,6618,6.240488E-06,4.137477E-06,0.9999391
0,6624,6.095083E-06,4.04085E-06,0.9999391
0,6630,5.953116E-06,3.946532E-06,0.9999391
0,6636,5.814502E-06,3.854465E-06,0.9999391
0,6642,5.679161E-06,3.764593E-06,0.9999391
0,6648,5.547014E-06,3.676862E-06,0.9999391
0,6654,5.41799E-06,3.591226E-06,0.9999391
0,6660,5.292013E-06,3.507632E-06,0.9999391
0,6666,5.169009E-06,3.426029E-06,0.9999391
0,6672,5.048907E-06,3.34637E-06,0.9999391
0,6678,4.931638E-06,3.268606E-06,0.9999391
0,6684,4.817133E-06,3.192692E-06,0.9999391
0,6690,4.705328E-06,3.118583E-06,0.9999391
0,6696,4.596157E-06,3.046236E-06,0.9999391
0,6702,4.48956E-06,2.975608E-06,0.9999391
0,6708,4.385473E-06,2.906657E-06,0.9999391
0,6714,4.283838E-06,2.839344E-06,0.9999391
0,6720,4.184597E-06,2.773629E-06,0.9999391
0,6726,4.087692E-06,2.709473E-06,0.9999391
0,6732,3.993068E-06,2.646839E-06,0.9999391
0,6738,3.900672E-06,2.58569E-06,0.9999391
0,6744,3.81045E-06,2.52599E-06,0.9999391
0,6750,3.722351E-06,2.467705E-06,0.9999391
0,6756,3.636324E-06,2.4108E-06,0.9999391
0,6762,3.55232E-06,2.355242E-06,0.9999391
0,6768,3.47029E-06,2.300999E-06,0.9999391
0,6774,3.390186E-06,2.248038E-06,0.9999391
0,6780,3.311963E-06,2.196327E-06,0.9999391
0,6786,3.235575E-06,2.145837E-06,0.9999391
0,6792,3.160978E-06,2.096537E-06,0.9999391
0,6798,3.088139E-06,2.048407E-06,0.9999391
0,6804,3.017014E-06,2.001415E-06,0.9999391
0,6810,2.947558E-06,1.955531E-06,0.9999391
0,6816,2.879731E-06,1.91073E-06,0.9999391
0,6822,2.813494E-06,1.866984E-06,0.9999391
0,6828,2.748808E-06,1.824267E-06,0.9999391
0,6834,2.685636E-06,1.782554E-06,0.9999391
0,6840,2.62394E-06,1.74182E-06,0.9999391
0,6846,2.563684E-06,1.70204E-06,0.9999391
0,6852,2.504832E-06,1.66319E-06,0.9999391
0,6858,2.447369E-06,1.625262E-06,0.9999391
0,6864,2.391255E-06,1.588227E-06,0.9999391
0,6870,2.336454E-06,1.552062E-06,0.9999391
0,6876,2.282933E-06,1.516744E-06,0.9999391
0,6882,2.230661E-06,1.482254E-06,0.9999391
0,6888,2.17961E-06,1.44857E-06,0.9999391
0,6894,2.129747E-06,1.415673E-06,0.9999391
0,6900,2.081044E-06,1.383542E-06,0.9999391
0,6906,2.033473E-06,1.35216E-06,0.9999391
0,6912,1.987005E-06,1.321506E-06,0.9999391
0,6918,1.94163E-06,1.291575E-06,0.9999391
0,6924,1.897316E-06,1.262346E-06,0.9999391
0,6930,1.854034E-06,1.233798E-06,0.9999391
0,6936,1.811759E-06,1.205915E-06,0.9999391
0,6942,1.770468E-06,1.178681E-06,0.9999391
0,6948,1.730136E-06,1.152081E-06,0.9999391
0,6954,1.690741E-06,1.126099E-06,0.9999391
0,6960,1.652259E-06,1.10072E-06,0.9999391
0,6966,1.61467E-06,1.075929E-06,0.9999391
0,6972,1.57795E-06,1.051712E-06,0.9999391
0,6978,1.542089E-06,1.02806E-06,0.9999391
0,6984,1.507062E-06,1.004959E-06,0.9999391
0,6990,1.472847E-06,9.823939E-07,0.9999391
0,6996,1.439426E-06,9.603517E-07,0.9999391
0,7002,1.406781E-06,9.388203E-07,0.9999391
0,7008,1.374892E-06,9.177874E-07,0.9999391
0,7014,1.343741E-06,8.972411E-07,0.9999391
0,7020,1.313312E-06,8.771699E-07,0.9999391
0,7026,1.283587E-06,8.575623E-07,0.9999391
0,7032,1.254549E-06,8.384071E-07,0.9999391
0,7038,1.226186E-06,8.196964E-07,0.9999391
0,7044,1.198481E-06,8.014186E-07,0.9999391
0,7050,1.171416E-06,7.835629E-07,0.9999391
0,7056,1.144978E-06,7.661193E-07,0.9999391
0,7062,1.119152E-06,7.49078E-07,0.9999391
0,7068,1.093922E-06,7.324294E-07,0.9999391
0,7074,1.069275E-06,7.161642E-07,0.9999391
0,7080,1.045196E-06,7.00273E-07,0.9999391
0,7086,1.021673E-06,6.847469E-07,0.9999391
0,7092,9.986916E-07,6.69577E-07,0.9999391
0,7098,9.762435E-07,6.547581E-07,0.9999391
0,7104,9.543146E-07,6.402806E-07,0.9999391
0,7110,9.328917E-07,6.261358E-07,0.9999391
0,7116,9.119627E-07,6.123156E-07,0.9999391
0,7122,8.915159E-07,5.988124E-07,0.9999391
0,7128,8.715398E-07,5.856185E-07,0.9999391
0,7134,8.52023E-07,5.727265E-07,0.9999391
0,7140,8.329546E-07,5.60129E-07,0.9999391
0,7146,8.143236E-07,5.478188E-07,0.9999391
0,7152,7.961192E-07,5.357888E-07,0.9999391
0,7158,7.783367E-07,5.240362E-07,0.9999391
0,7164,7.60964E-07,5.125528E-07,0.9999391
0,7170,7.439905E-07,5.013317E-07,0.9999391
0,7176,7.274065E-07,4.903664E-07,0.9999391
0,7182,7.112028E-07,4.796509E-07,0.9999391
0,7188,6.953704E-07,4.691792E-07,0.9999391
0,7194,6.799005E-07,4.589454E-07,0.9999391
0,7200,6.647841E-07,4.489438E-07,0.9999391
0,7206,6.500129E-07,4.391688E-07,0.9999391
0,7212,6.355783E-07,4.296147E-07,0.9999391
0,7218,6.214764E-07,4.202792E-07,0.9999391
0,7224,6.076979E-07,4.111561E-07,0.9999391
0,7230,5.942345E-07,4.022398E-07,0.9999391
0,7236,5.810784E-07,3.935253E-07,0.9999391
0,7242,5.682228E-07,3.850081E-07,0.9999391
0,7248,5.556604E-07,3.766833E-07,0.9999391
0,7254,5.433843E-07,3.685466E-07,0.9999391
0,7260,5.313877E-07,3.605933E-07,0.9999391
0,7266,5.196641E-07,3.528191E-07,0.9999391
0,7272,5.082067E-07,3.452198E-07,0.9999391
0,7278,4.970116E-07,3.377927E-07,0.9999391
0,7284,4.860718E-07,3.305332E-07,0.9999391
0,7290,4.75381E-07,3.234372E-07,0.9999391
0,7296,4.649333E-07,3.165008E-07,0.9999391
0,7302,4.54723E-07,3.097203E-07,0.9999391
0,7308,4.447447E-07,3.030922E-07,0.9999391
0,7314,4.349928E-07,2.966127E-07,0.9999391
0,7320,4.254622E-07,2.902785E-07,0.9999391
0,7326,0.0001452372,0.0005726529,0.5035424
0,7332,0.002154437,0.005032513,0.519133
0,7338,0.008009898,0.01491341,0.5476623
0,7344,0.01744208,0.02834503,0.5844285
0,7350,0.02859749,0.0423174,0.6239008
0,7356,0.03947625,0.05445615,0.6620936
0,7362,0.04872447,0.06358562,0.6969382
0,7368,0.05576654,0.06953918,0.7277634
0,7374,0.06059647,0.07272776,0.7546606
0,7380,0.06351005,0.07377449,0.7780426
0,7386,0.0650404,0.073839,0.8014442
0,7392,0.06665249,0.07484859,0.825262
0,7398,0.06803842,0.0750964,0.8456967
0,7404,0.06834432,0.07384821,0.8625002
0,7410,0.0674826,0.07136785,0.8762586
0,7416,0.06574097,0.06815645,0.8876413
0,7422,0.06346113,0.06464457,0.8972079
0,7428,0.06091828,0.06112204,0.9053841
0,7434,0.05829904,0.05775373,0.9124833
0,7440,0.05571678,0.05461645,0.9187336
0,7446,0.05323229,0.05173235,0.9243013
0,7452,0.05087348,0.04909419,0.9293093
0,7458,0.04864851,0.0466781,0.9338041
0,7464,0.04653057,0.04440596,0.9377616
0,7470,0.04451119,0.04229946,0.9413963
0,7476,0.04262422,0.04038477,0.9447795
0,7482,0.04087189,0.03863789,0.9479327
0,7488,0.03923758,0.03702551,0.9508698
0,7494,0.03770325,0.03552127,0.9536057
0,7500,0.03625501,0.0341073,0.9561555
0,7506,0.03488314,0.03277194,0.9585344
0,7512,0.03358079,0.03150726,0.9607561
0,7518,0.0323428,0.03030747,0.9628333
0,7524,0.03116499,0.02916794,0.9647778
0,7530,0.03004264,0.02807899,0.9665475
0,7536,0.02895262,0.02700429,0.9681105
0,7542,0.02789846,0.02597729,0.9695794
0,7548,0.02689898,0.02501537,0.9709762
0,7554,0.02595616,0.02411333,0.9723027
0,7560,0.02506455,0.02326217,0.9735595
0,7566,0.02421821,0.02245473,0.9747488
0,7572,0.02341248,0.02168616,0.9758738
0,7578,0.02264393,0.02095307,0.9769381
0,7584,0.02190989,0.02025297,0.9779454
0,7590,0.02120817,0.01958381,0.9788994
0,7596,0.02053685,0.01894379,0.9798034
0,7602,0.01989417,0.01833124,0.9806607
0,7608,0.01927851,0.01774465,0.9814741
0,7614,0.01868835,0.01718255,0.9822464
0,7620,0.01812227,0.01664359,0.9829801
0,7626,0.01757893,0.01612649,0.9836777
0,7632,0.01705707,0.01563006,0.9843411
0,7638,0.01655206,0.01514163,0.984918
0,7644,0.01604779,0.01464417,0.9854157
0,7650,0.01554988,0.01415798,0.9858721
0,7656,0.01506907,0.0136948,0.9863025
0,7662,0.01460987,0.01325715,0.9867134
0,7668,0.01417267,0.01284365,0.9871081
0,7674,0.01375621,0.01245184,0.987488
0,7680,0.01335884,0.01207936,0.9878543
0,7686,0.01297894,0.01172417,0.9882079
0,7692,0.01261511,0.01138462,0.9885495
0,7698,0.01226614,0.01105937,0.9888796
0,7704,0.01193098,0.0107473,0.9891987
0,7710,0.01160873,0.01044749,0.9895074
0,7716,0.01129857,0.01015912,0.9898062
0,7722,0.01099977,0.009881471,0.9900956
0,7728,0.01071168,0.009613917,0.9903758
0,7734,0.01043369,0.009355877,0.9906473
0,7740,0.01016517,0.009106101,0.9909019
0,7746,0.009897868,0.008846054,0.9910937
0,7752,0.009623615,0.008576873,0.9912484
0,7758,0.00935119,0.008314232,0.9913867
0,7764,0.00908795,0.008065253,0.9915181
0,7770,0.008836866,0.007831403,0.991647
0,7776,0.008598264,0.007611715,0.9917752
0,7782,0.008371394,0.007404549,0.9919032
0,7788,0.008155203,0.007208277,0.9920317
0,7794,0.007948665,0.007021517,0.9921604
0,7800,0.007750875,0.006843159,0.9922894
0,7806,0.007561067,0.006672316,0.9924185
0,7812,0.007378592,0.006508282,0.9925477
0,7818,0.007202895,0.006350479,0.9926767
0,7824,0.007033498,0.006198423,0.9928055
0,7830,0.006869977,0.006051704,0.992934
0,7836,0.006711958,0.005909963,0.9930621
0,7842,0.006559104,0.005772883,0.9931896
0,7848,0.006411108,0.005640183,0.9933164
0,7854,0.006267691,0.005511606,0.9934425
0,7860,0.0061286,0.005386921,0.9935678
0,7866,0.0059936,0.005265917,0.9936921
0,7872,0.005862476,0.0051484,0.9938155
0,7878,0.00573503,0.005034199,0.9939378
0,7884,0.005611227,0.004923541,0.9940595
0,7890,0.005491227,0.004816596,0.9941805
0,7896,0.005374907,0.004713072,0.9943007
0,7902,0.005261988,0.004612624,0.99442
0,7908,0.005152203,0.004514963,0.9945382
0,7914,0.005045323,0.004419858,0.9946555
0,7920,0.004941149,0.004327114,0.9947715
0,7926,0.00483951,0.004236575,0.9948863
0,7932,0.004740261,0.004148109,0.9949997
0,7938,0.004643274,0.00406161,0.9951118
0,7944,0.004548437,0.003976985,0.9952224
0,7950,0.004455654,0.003894152,0.9953316
0,7956,0.004364839,0.003813044,0.9954394
0,7962,0.004275916,0.003733601,0.9955454
0,7968,0.004188817,0.003655768,0.99565
0,7974,0.004103481,0.003579499,0.9957529
0,7980,0.004019853,0.00350475,0.9958542
0,7986,0.003937884,0.003431481,0.9959538
0,7992,0.003857526,0.003359656,0.9960517
0,7998,0.003778738,0.003289239,0.996148
0,8004,0.003701479,0.003220201,0.9962425
0,8010,0.003625715,0.003152509,0.9963353
0,8016,0.003551409,0.003086136,0.9964265
0,8022,0.00347853,0.003021056,0.9965159
0,8028,0.003407048,0.002957241,0.9966035
0,8034,0.003336932,0.002894667,0.9966896
0,8040,0.003268158,0.002833311,0.9967738
0,8046,0.003200696,0.00277315,0.9968564
0,8052,0.003134523,0.00271416,0.9969373
0,8058,0.003069614,0.002656322,0.9970164
0,8064,0.003005944,0.002599613,0.997094
0,8070,0.002943492,0.002544012,0.9971699
0,8076,0.002882235,0.0024895,0.9972441
0,8082,0.00282215,0.002436056,0.9973167
0,8088,0.002763215,0.002383661,0.9973876
0,8094,0.002705412,0.002332297,0.9974571
0,8100,0.002648719,0.002281945,0.9975249
0,8106,0.002593117,0.002232586,0.9975912
0,8112,0.002538587,0.002184204,0.9976559
0,8118,0.002485109,0.002136781,0.9977192
0,8124,0.002432666,0.0020903,0.9977809
0,8130,0.00238124,0.002044745,0.9978411
0,8136,0.002330809,0.002000089,0.9979
0,8142,0.002281347,0.001956307,0.9979575
0,8148,0.002232839,0.001913395,0.9980137
0,8154,0.002185278,0.001871351,0.9980686
0,8160,0.002138655,0.001830168,0.9981221
0,8166,0.002092961,0.001789836,0.9981744
0,8172,0.002048182,0.001750343,0.9982253
0,8178,0.002004303,0.001711673,0.998275
0,8184,0.001961309,0.00167381,0.9983236
0,8190,0.001919184,0.001636738,0.9983708
0,8196,0.00187791,0.00160044,0.998417
0,8202,0.001837472,0.0015649,0.9984618
0,8208,0.001797852,0.001530101,0.9985056
0,8214,0.001759034,0.001496027,0.9985482
0,8220,0.001721003,0.001462662,0.9985898
0,8226,0.001683741,0.001429992,0.9986302
0,8232,0.001647233,0.001398002,0.9986695
0,8238,0.001611465,0.001366678,0.9987078
0,8244,0.001576421,0.001336005,0.9987451
0,8250,0.001542087,0.00130597,0.9987813
0,8256,0.00150845,0.001276561,0.9988166
0,8262,0.001475494,0.001247765,0.9988509
0,8268,0.001443208,0.001219569,0.9988843
0,8274,0.001411578,0.001191962,0.9989167
0,8280,0.001380592,0.001164933,0.9989482
0,8286,0.001350236,0.001138469,0.9989788
0,8292,0.0013205,0.00111256,0.9990086
0,8298,0.001291372,0.001087195,0.9990375
0,8304,0.001262839,0.001062365,0.9990656
0,8310,0.001234892,0.001038057,0.9990929
0,8316,0.001207518,0.001014264,0.9991194
0,8322,0.001180707,0.0009909748,0.9991452
0,8328,0.001154449,0.0009681799,0.9991701
0,8334,0.001128733,0.0009458699,0.9991944
0,8340,0.001103549,0.0009240357,0.9992179
0,8346,0.001078888,0.0009026683,0.9992408
0,8352,0.00105474,0.0008817589,0.9992629
0,8358,0.001031094,0.0008612987,0.9992844
0,8364,0.001007942,0.0008412792,0.9993053
0,8370,0.0009852751,0.0008216921,0.9993256
0,8376,0.0009630834,0.000802529,0.9993452
0,8382,0.0009413583,0.0007837819,0.9993643
0,8388,0.0009200911,0.0007654428,0.9993827
0,8394,0.0008992731,0.0007475039,0.9994006
0,8400,0.000878896,0.0007299575,0.999418
